pointScore,gameScore,setScore,isPointStart,pointStartTime,isPointEnd,pointEndTime,pointNumber,isBreakPoint,shotInRally,side,serverName,serverFarNear,firstServeIn,firstServeZone,firstServeXCoord,firstServeYCoord,secondServeIn,secondServeZone,secondServeXCoord,secondServeYCoord,isAce,shotContactX,shotContactY,shotDirection,shotFhBh,isSlice,isVolley,isOverhead,isApproach,isDropshot,isExcitingPoint,atNetPlayer1,atNetPlayer2,isLob,shotLocationX,shotLocationY,isWinner,isErrorWideR,isErrorWideL,isErrorNet,isErrorLong,clientTeam,Date,Division,Event,lineupPosition,matchDetails,matchVenue,opponentTeam,player1Name,player2Name,player1Hand,player2Hand,Round,Surface,Notes
0-0,0-0,0-0,1,6749,,,,,1,Deuce,Player2,Near,1,Body,-72,181,,,,,,,,,,,,,,,,,,,,,,,,,,UCLA,5/4/14,D1,NCAA,4,,Los Angeles Tennis Center,Texas Tech,Elise Wagle,Motka Komac,right,right,2,Hard,
0-0,0-0,0-0,,10039,,,,,2,Deuce,Player2,Near,,,,,,,,,,-155,472,Down the Line,Forehand,,,,,,,,,,-23,-441,,,,,,,,,,,,,,,,,,,,
0-0,0-0,0-0,,11629,,,,,3,Deuce,Player2,Near,,,,,,,,,,21,-547,Down the Line,Backhand,,,,,,,,,,19,445,,,,,,,,,,,,,,,,,,,,
0-0,0-0,0-0,,13157,,,,,4,Ad,Player2,Near,,,,,,,,,,59,507,Crosscourt,Forehand,,,,,,,,,,-37,-262,,,,,,,,,,,,,,,,,,,,
0-0,0-0,0-0,,14863,,,,,5,Ad,Player2,Near,,,,,,,,,,-107,-544,Crosscourt,Forehand,,,,,,,,,,65,210,,,,,,,,,,,,,,,,,,,,
0-0,0-0,0-0,,16233,,,,,6,Ad,Player2,Near,,,,,,,,,,72,480,Down the Line,Backhand,,,,,,,,,,142,-195,,,,,,,,,,,,,,,,,,,,
0-0,0-0,0-0,,18230,,,,,7,Deuce,Player2,Near,,,,,,,,,,165,-531,Crosscourt,Forehand,1,,,,,,,,,-39,405,,,,,,,,,,,,,,,,,,,,
0-0,0-0,0-0,,19945,,,,,8,Deuce,Player2,Near,,,,,,,,,,-35,390,Crosscourt,Forehand,,1,,,,,,,,19,-265,,,,,,,,,,,,,,,,,,,,
0-0,0-0,0-0,,21123,,,,,9,Ad,Player2,Near,,,,,,,,,,-13,-414,Crosscourt,Forehand,,,,,,,,,,78,224,,,,,,,,,,,,,,,,,,,,
0-0,0-0,0-0,,22522,,,,,10,Ad,Player2,Near,,,,,,,,,,104,478,Crosscourt,Backhand,,,,,,,,,,-21,-201,,,,,,,,,,,,,,,,,,,,
0-0,0-0,0-0,,23537,1,,,,11,Ad,Player2,Near,,,,,,,,,,-19,-211,Down the Line,Backhand,,1,,,,,,1,,-61,269,1,,,,,,,,,,,,,,,,,,,
15-0,0-0,0-0,1,52273,,,,,1,Ad,Player2,Near,1,Body,91,235,,,,,,,,,,,,,,,,,,,,,,,,,,,,,,,,,,,,,,,,
15-0,0-0,0-0,,55152,,,,,2,Ad,Player2,Near,,,,,,,,,,61,473,Crosscourt,Backhand,,,,,,,,,,-58,-264,,,,,,,,,,,,,,,,,,,,
15-0,0-0,0-0,,57002,,,,,3,Ad,Player2,Near,,,,,,,,,,-99,-477,Down the Line,Backhand,,,,,,,,,,-122,430,,,,,,,,,,,,,,,,,,,,
15-0,0-0,0-0,,57892,,,,,4,Deuce,Player2,Near,,,,,,,,,,-93,502,Down the Line,Forehand,1,,,,,,,,,-58,-339,,,,,,,,,,,,,,,,,,,,
15-0,0-0,0-0,,60066,1,66672,,,5,Ad,Player2,Near,,,,,,,,,,-80,-429,Crosscourt,Forehand,,,,,,,,,,70,-11,,,,1,,,,,,,,,,,,,,,,
15-15,0-0,0-0,1,61434,,,,,1,Deuce,Player2,Near,0,Body,-56,2,1,Wide,-117,235,,,,,,,,,,,,,,,,,,,,,,,,,,,,,,,,,,,,
15-15,0-0,0-0,,96639,,,,,2,Deuce,Player2,Near,,,,,,,,,,-205,480,Crosscourt,Forehand,,,,,,,,,,78,-350,,,,,,,,,,,,,,,,,,,,
15-15,0-0,0-0,,98098,,,,,3,Deuce,Player2,Near,,,,,,,,,,123,-510,Crosscourt,Forehand,,,,,,,,,,-90,285,,,,,,,,,,,,,,,,,,,,
15-15,0-0,0-0,,99954,,,,,4,Deuce,Player2,Near,,,,,,,,,,-128,472,Crosscourt,Forehand,,,,,,,,,,57,-363,,,,,,,,,,,,,,,,,,,,
15-15,0-0,0-0,,100802,,,,,5,Deuce,Player2,Near,,,,,,,,,,56,-496,Down the Line,Forehand,,,,,,,,,,30,448,,,,,,,,,,,,,,,,,,,,
15-15,0-0,0-0,,102129,,,,,6,Deuce,Player2,Near,,,,,,,,,,-8,502,Down the Line,Backhand,,,,,,,,,,-61,-291,,,,,,,,,,,,,,,,,,,,
15-15,0-0,0-0,,103441,,,,,7,Ad,Player2,Near,,,,,,,,,,-88,-467,Down the Line,Backhand,,,,,,,,,,-61,435,,,,,,,,,,,,,,,,,,,,
15-15,0-0,0-0,,105799,,,,,8,Deuce,Player2,Near,,,,,,,,,,-32,488,Crosscourt,Forehand,,,,,,,,,,84,-275,,,,,,,,,,,,,,,,,,,,
15-15,0-0,0-0,,106311,1,107329,,,9,Deuce,Player2,Near,,,,,,,,,,120,-496,Crosscourt,Forehand,,,,,,,,,,-122,272,1,,,,,,,,,,,,,,,,,,,
30-15,0-0,0-0,1,130703,1,144776,,,1,Ad,Player2,Near,0,T,0,283,0,Body,88,0,,,,,,,,,,,,,,,,,,,,,,,,,,,,,,,,,,,,
30-30,0-0,0-0,1,163282,,,,,1,Deuce,Player2,Near,1,T,-48,235,,,,,,,,,,,,,,,,,,,,,,,,,,,,,,,,,,,,,,,,
30-30,0-0,0-0,,165891,,,,,2,Deuce,Player2,Near,,,,,,,,,,-93,478,Crosscourt,Backhand,,,,,,,,,,129,-227,,,,,,,,,,,,,,,,,,,,
30-30,0-0,0-0,,167720,,,,,3,Deuce,Player2,Near,,,,,,,,,,160,-371,Down the Line,Forehand,,,,1,,,,,,94,226,,,,,,,,,,,,,,,,,,,,
30-30,0-0,0-0,,169085,1,172096,,,4,Ad,Player2,Near,,,,,,,,,,40,488,Down the Line,Backhand,,,,,,,,,,105,-115,1,,,,,,,,,,,,,,,,,,,
30-40,0-0,0-0,1,191183,,,,,1,Ad,Player2,Near,1,T,45,236,,,,,,,,,,,,,,,,,,,,,,,,,,,,,,,,,,,,,,,,
30-40,0-0,0-0,,193113,1,195497,,,2,Ad,Player2,Near,,,,,,,,,,104,477,Down the Line,Forehand,,,,,,,,,,230,-210,,,1,,,,,,,,,,,,,,,,,
40-40,0-0,0-0,1,212899,,,,1,1,Ad,Player2,Near,1,T,37,227,,,,,,,,,,,,,,,,,,,,,,,,,,,,,,,,,,,,,,,,
40-40,0-0,0-0,,215986,,,,,2,Ad,Player2,Near,,,,,,,,,,32,483,Crosscourt,Forehand,,,,,,,,,,-74,-281,,,,,,,,,,,,,,,,,,,,
40-40,0-0,0-0,,217012,,,,,3,Ad,Player2,Near,,,,,,,,,,-93,-454,Down the Line,Backhand,,,,,,,,,,-47,306,,,,,,,,,,,,,,,,,,,,
40-40,0-0,0-0,,218085,,,,,4,Deuce,Player2,Near,,,,,,,,,,-21,486,Down the Line,Forehand,,,,,,,,,,-90,-299,,,,,,,,,,,,,,,,,,,,
40-40,0-0,0-0,,219631,,,,,5,Ad,Player2,Near,,,,,,,,,,-115,-510,Crosscourt,Backhand,,,,,,,,,,70,237,,,,,,,,,,,,,,,,,,,,
40-40,0-0,0-0,,221439,,,,,6,Ad,Player2,Near,,,,,,,,,,75,462,Crosscourt,Backhand,,,,,,,,,,-42,-230,,,,,,,,,,,,,,,,,,,,
40-40,0-0,0-0,,222354,1,,,,7,Ad,Player2,Near,,,,,,,,,,-83,-491,Crosscourt,Backhand,,,,,,,,,,166,224,,1,,,,,,,,,,,,,,,,,,
0-0,1-0,0-0,1,298945,,,,,1,Deuce,Player1,Near,1,Body,-93,203,,,,,,,,,,,,,,,,,,,,,,,,,,,,,,,,,,,,,,,,
0-0,1-0,0-0,,307425,,,,,2,Deuce,Player1,Near,,,,,,,,,,-163,448,Crosscourt,Forehand,,,,,,,,,,78,-310,,,,,,,,,,,,,,,,,,,,
0-0,1-0,0-0,,308720,,,,,3,Deuce,Player1,Near,,,,,,,,,,125,-507,Down the Line,Forehand,,,,,,,,,,19,261,,,,,,,,,,,,,,,,,,,,
0-0,1-0,0-0,,310100,1,,,,4,Deuce,Player1,Near,,,,,,,,,,-51,472,Down the Line,Backhand,,,,,,,,,,-50,2,,,,1,,,,,,,,,,,,,,,,
15-0,1-0,0-0,1,327879,,,,,1,Ad,Player1,Near,0,T,19,381,1,Wide,107,240,,,,,,,,,,,,,,,,,,,,,,,,,,,,,,,,,,,,
15-0,1-0,0-0,,358063,1,,,,2,Ad,Player1,Near,,,,,,,,,,107,480,Down the Line,Backhand,,,,,,,,,,60,2,,,,1,,,,,,,,,,,,,,,,
30-0,1-0,0-0,1,387723,,,,,1,Deuce,Player1,Near,0,Body,-56,323,1,Body,-64,197,,,,,,,,,,,,,,,,,,,,,,,,,,,,,,,,,,,,
30-0,1-0,0-0,,405938,,,,,2,Deuce,Player1,Near,,,,,,,,,,-64,467,Crosscourt,Forehand,,,,,,,,,,60,-246,,,,,,,,,,,,,,,,,,,,
30-0,1-0,0-0,,407099,,,,,3,Deuce,Player1,Near,,,,,,,,,,125,-526,Down the Line,Forehand,1,,,,,,,,,73,272,,,,,,,,,,,,,,,,,,,,
30-0,1-0,0-0,,409367,1,414275,,,4,Ad,Player1,Near,,,,,,,,,,123,293,Down the Line,Forehand,,,,1,,,,,,126,-502,,,,,1,,,,,,,,,,,,,,,
40-0,1-0,0-0,1,440352,1,,,,1,Ad,Player1,Near,1,Wide,109,243,,,,,1,,,,,,,,,,,,,,,,1,,,,,,,,,,,,,,,,,,,
0-0,2-0,0-0,1,469855,,,,,1,Deuce,Player2,Far,0,Body,50,-261,1,T,48,-210,,,,,,,,,,,,,,,,,,,,,,,,,,,,,,,,,,,,
0-0,2-0,0-0,,483719,,,,,2,Deuce,Player2,Far,,,,,,,,,,141,-480,Crosscourt,Backhand,,,,,,,,,,-110,416,,,,,,,,,,,,,,,,,,,,
0-0,2-0,0-0,,485316,1,,,,3,Deuce,Player2,Far,,,,,,,,,,-136,485,Crosscourt,Forehand,,,,,,,,,,176,-274,,,1,,,,,,,,,,,,,,,,,
0-15,2-0,0-0,1,507449,,,,,1,Ad,Player2,Far,1,Body,-94,-234,,,,,,,,,,,,,,,,,,,,,,,,,,,,,,,,,,,,,,,,
0-15,2-0,0-0,,511924,,,,,2,Ad,Player2,Far,,,,,,,,,,-131,-493,Down the Line,Backhand,,,,,,,,,,-88,408,,,,,,,,,,,,,,,,,,,,
0-15,2-0,0-0,,512399,,,,,3,Deuce,Player2,Far,,,,,,,,,,-48,480,Down the Line,Forehand,,,,,,,,,,-19,-258,,,,,,,,,,,,,,,,,,,,
0-15,2-0,0-0,,513648,,,,,4,Deuce,Player2,Far,,,,,,,,,,16,-488,Down the Line,Backhand,,,,,,,,,,32,405,,,,,,,,,,,,,,,,,,,,
0-15,2-0,0-0,,515910,,,,,5,Ad,Player2,Far,,,,,,,,,,0,472,Down the Line,Backhand,,,,,,,,,,-134,-213,,,,,,,,,,,,,,,,,,,,
0-15,2-0,0-0,,517131,,,,,6,Ad,Player2,Far,,,,,,,,,,-235,-522,Crosscourt,Backhand,1,,,,,,,,,16,370,,,,,,,,,,,,,,,,,,,,
0-15,2-0,0-0,,518425,1,519800,,,7,Ad,Player2,Far,,,,,,,,,,58,442,Crosscourt,Forehand,,,,,,,,,,-96,-330,1,,,,,,,,,,,,,,,,,,,
15-15,2-0,0-0,1,519719,,,,,1,Deuce,Player2,Far,1,Body,93,-181,,,,,,,,,,,,,,,,,,,,,,,,,,,,,,,,,,,,,,,,
15-15,2-0,0-0,,544369,,,,,2,Deuce,Player2,Far,,,,,,,,,,197,-477,Down the Line,Forehand,,,,,,,,,,90,232,,,,,,,,,,,,,,,,,,,,
15-15,2-0,0-0,,545754,,,,,3,Deuce,Player2,Far,,,,,,,,,,-27,402,Crosscourt,Forehand,,,,,,,,,,96,-163,,,,,,,,,,,,,,,,,,,,
15-15,2-0,0-0,,547867,,,,,4,Deuce,Player2,Far,,,,,,,,,,205,-450,Down the Line,Forehand,1,,,,,,,,,149,64,,,,,,,,,,,,,,,,,,,,
15-15,2-0,0-0,,548616,1,,,,5,Ad,Player2,Far,,,,,,,,,,154,61,Down the Line,Backhand,,1,,,,,,1,,66,0,,,,1,,,,,,,,,,,,,,,,
15-30,2-0,0-0,1,569622,,,,,1,Ad,Player2,Far,1,Wide,-150,-184,,,,,,,,,,,,,,,,,,,,,,,,,,,,,,,,,,,,,,,,
15-30,2-0,0-0,,572961,,,,,2,Ad,Player2,Far,,,,,,,,,,-189,-472,Down the Line,Backhand,1,,,,,,,,,-51,179,,,,,,,,,,,,,,,,,,,,
15-30,2-0,0-0,,574388,,,,,3,Ad,Player2,Far,,,,,,,,,,32,384,Down the Line,Forehand,,,,1,,,,,,90,-277,,,,,,,,,,,,,,,,,,,,
15-30,2-0,0-0,,575952,,,,,4,Deuce,Player2,Far,,,,,,,,,,133,-517,Crosscourt,Forehand,,,,,,,,,,-32,40,,,,,,,,,,,,,,,,,,,,
15-30,2-0,0-0,,576541,1,577291,,,5,Deuce,Player2,Far,,,,,,,,,,-24,37,Down the Line,Forehand,,1,,,,,,,,-75,-258,1,,,,,,,,,,,,,,,,,,,
30-30,2-0,0-0,1,577291,,,,,1,Deuce,Player2,Far,1,Body,64,-133,,,,,,,,,,,,,,,,,,,,,,,,,,,,,,,,,,,,,,,,
30-30,2-0,0-0,,614198,,,,,2,Deuce,Player2,Far,,,,,,,,,,141,-464,Crosscourt,Forehand,,,,,,,,,,-32,360,,,,,,,,,,,,,,,,,,,,
30-30,2-0,0-0,,615850,,,,,3,Deuce,Player2,Far,,,,,,,,,,-30,493,Down the Line,Forehand,,,,,,,,,,-54,-272,,,,,,,,,,,,,,,,,,,,
30-30,2-0,0-0,,616907,,,,,4,Ad,Player2,Far,,,,,,,,,,-27,-501,Down the Line,Backhand,,,,,,,,,,-48,418,,,,,,,,,,,,,,,,,,,,
30-30,2-0,0-0,,618293,,,,,5,Deuce,Player2,Far,,,,,,,,,,-14,469,Crosscourt,Forehand,,,,,,,,,,96,-336,,,,,,,,,,,,,,,,,,,,
30-30,2-0,0-0,,619422,1,,,,6,Deuce,Player2,Far,,,,,,,,,,144,-549,Down the Line,Forehand,,,,,,,,,,178,293,,1,,,,,,,,,,,,,,,,,,
40-30,2-0,0-0,1,620997,,,,,1,Ad,Player2,Far,1,T,-40,-221,,,,,,,,,,,,,,,,,,,,,,,,,,,,,,,,,,,,,,,,
40-30,2-0,0-0,,645739,1,,,,2,Ad,Player2,Far,,,,,,,,,,-56,-485,Crosscourt,Forehand,,,,,,,,,,192,282,,1,,,,,,,,,,,,,,,,,,
0-0,2-1,0-0,1,746110,,,,,1,Deuce,Player1,Far,1,Wide,149,-192,,,,,,,,,,,,,,,,,,,,,,,,,,,,,,,,,,,,,,,,
0-0,2-1,0-0,,752276,,,,,2,Deuce,Player1,Far,,,,,,,,,,234,-469,Down the Line,Forehand,1,,,,,,,,,48,197,,,,,,,,,,,,,,,,,,,,
0-0,2-1,0-0,,756531,,,,,3,Ad,Player1,Far,,,,,,,,,,40,336,Crosscourt,Forehand,1,,,,,,,,,-14,-450,,,,,,,,,,,,,,,,,,,,
0-0,2-1,0-0,,758139,,,,,4,Ad,Player1,Far,,,,,,,,,,-6,-488,Crosscourt,Backhand,,,,,,,1,,,21,51,,,,,,,,,,,,,,,,,,,,
0-0,2-1,0-0,,758253,1,,,,5,Ad,Player1,Far,,,,,,,,,,24,45,Crosscourt,Forehand,,1,,,,1,1,,,-118,-53,1,,,,,,,,,,,,,,,,,,,
15-0,2-1,0-0,1,759435,,,,,1,Ad,Player1,Far,1,T,-43,-224,,,,,,,,,,,,,,,,,,,,,,,,,,,,,,,,,,,,,,,,
15-0,2-1,0-0,,781926,1,783329,,,2,Ad,Player1,Far,,,,,,,,,,-62,-477,Crosscourt,Forehand,,,,,,,,,,93,0,,,,1,,,,,,,,,,,,,,,,
30-0,2-1,0-0,1,801502,,,,,1,Deuce,Player1,Far,1,T,18,-232,,,,,,,,,,,,,,,,,,,,,,,,,,,,,,,,,,,,,,,,
30-0,2-1,0-0,,805812,1,805812,,,2,Deuce,Player1,Far,,,,,,,,,,53,-482,Crosscourt,Backhand,1,,,,,,,,,-341,-181,,,1,1,,,,,,,,,,,,,,,,
40-0,2-1,0-0,1,822669,,,,,1,Ad,Player1,Far,1,Wide,-136,-192,,,,,,,,,,,,,,,,,,,,,,,,,,,,,,,,,,,,,,,,
40-0,2-1,0-0,,826206,,,,,2,Ad,Player1,Far,,,,,,,,,,-181,-490,Down the Line,Backhand,1,,,,,,,,,-67,205,,,,,,,,,,,,,,,,,,,,
40-0,2-1,0-0,,827876,1,829133,,,3,Deuce,Player1,Far,,,,,,,,,,-8,285,Down the Line,Forehand,,,,1,,,,,,-134,-386,1,,,,,,,,,,,,,,,,,,,
0-0,3-1,0-0,1,855127,,,,,1,Deuce,Player2,Near,1,T,-43,221,,,,,,,,,,,,,,,,,,,,,,,,,,,,,,,,,,,,,,,,
0-0,3-1,0-0,,858142,1,,,,2,Deuce,Player2,Near,,,,,,,,,,-131,469,Down the Line,Backhand,,,,,,,,,,-62,0,,,,1,,,,,,,,,,,,,,,,
15-0,3-1,0-0,1,859569,,,,,1,Ad,Player2,Near,1,T,40,237,,,,,,,,,,,,,,,,,,,,,,,,,,,,,,,,,,,,,,,,
15-0,3-1,0-0,,882592,,,,,2,Ad,Player2,Near,,,,,,,,,,74,469,Down the Line,Forehand,,,,,,,,,,77,-128,,,,,,,,,,,,,,,,,,,,
15-0,3-1,0-0,,884773,1,,,,3,Deuce,Player2,Near,,,,,,,,,,96,-402,Crosscourt,Forehand,,,,,,,,,,-6,0,,,,1,,,,,,,,,,,,,,,,
15-15,3-1,0-0,1,885875,,,,,1,Deuce,Player2,Near,0,Body,-72,0,1,Body,-78,147,,,,,,,,,,,,,,,,,,,,,,,,,,,,,,,,,,,,
15-15,3-1,0-0,,924151,,,,,2,Deuce,Player2,Near,,,,,,,,,,-144,437,Crosscourt,Forehand,,,,,,,,,,29,-176,,,,,,,,,,,,,,,,,,,,
15-15,3-1,0-0,,925718,,,,,3,Deuce,Player2,Near,,,,,,,,,,117,-485,Down the Line,Forehand,,,,,,,,,,64,298,,,,,,,,,,,,,,,,,,,,
15-15,3-1,0-0,,926504,,,,,4,Ad,Player2,Near,,,,,,,,,,16,485,Crosscourt,Backhand,,,,,,,,,,-78,-322,,,,,,,,,,,,,,,,,,,,
15-15,3-1,0-0,,927840,,,,,5,Ad,Player2,Near,,,,,,,,,,-86,-488,Crosscourt,Backhand,,,,,,,,,,114,426,,,,,,,,,,,,,,,,,,,,
15-15,3-1,0-0,,929203,,,,,6,Ad,Player2,Near,,,,,,,,,,141,506,Crosscourt,Backhand,,,,,,,,,,-6,-242,,,,,,,,,,,,,,,,,,,,
15-15,3-1,0-0,,930338,,,,,7,Ad,Player2,Near,,,,,,,,,,-19,-466,Down the Line,Backhand,,,,,,,,,,-67,434,,,,,,,,,,,,,,,,,,,,
15-15,3-1,0-0,,931854,,,,,8,Deuce,Player2,Near,,,,,,,,,,-62,536,Crosscourt,Forehand,,,,,,,,,,66,-213,,,,,,,,,,,,,,,,,,,,
15-15,3-1,0-0,,933864,,,,,9,Deuce,Player2,Near,,,,,,,,,,106,-474,Crosscourt,Forehand,,,,,,,,,,-83,376,,,,,,,,,,,,,,,,,,,,
15-15,3-1,0-0,,934762,,,,,10,Deuce,Player2,Near,,,,,,,,,,-136,496,Down the Line,Forehand,1,,,,,,,,,-142,-205,,,,,,,,,,,,,,,,,,,,
15-15,3-1,0-0,,937035,1,938587,,,11,Ad,Player2,Near,,,,,,,,,,-126,-285,Down the Line,Backhand,,,,,,,,,,-181,210,,,1,,,,,,,,,,,,,,,,,
15-30,3-1,0-0,1,938587,,,,,1,Ad,Player2,Near,1,Wide,128,226,,,,,,,,,,,,,,,,,,,,,,,,,,,,,,,,,,,,,,,,
15-30,3-1,0-0,,964675,,,,,2,Ad,Player2,Near,,,,,,,,,,157,474,Crosscourt,Backhand,,,,,,,,,,-48,-224,,,,,,,,,,,,,,,,,,,,
15-30,3-1,0-0,,967137,1,967812,,,3,Ad,Player2,Near,,,,,,,,,,-107,-274,Down the Line,Forehand,,,,1,,,,,,-104,330,1,,,,,,,,,,,,,,,,,,,
30-30,3-1,0-0,1,968150,1,,,,1,Deuce,Player2,Near,0,Body,-56,266,0,Body,-59,0,,,,,,,,,,,,,,,,,,,,,,,,,,,,,,,,,,,,
30-40,3-1,0-0,1,1004576,1,,,,1,Ad,Player2,Near,0,Body,74,317,0,Body,69,264,,,,,,,,,,,,,,,,,,,,,,,,,,,,,,,,,,,,
0-0,4-1,0-0,1,1040300,1,,,,1,Deuce,Player1,Near,0,Wide,-168,226,0,T,-8,-21,,,,,,,,,,,,,,,,,,,,,,,,,,,,,,,,,,,,
0-15,4-1,0-0,1,1195921,,,,,1,Ad,Player1,Near,0,T,10,0,1,Wide,136,218,,,,,,,,,,,,,,,,,,,,,,,,,,,,,,,,,,,,
0-15,4-1,0-0,,1229678,1,,,,3,Ad,Player1,Near,,,,,,,,,,-35,-466,Down the Line,Backhand,,,,,,,,,,-35,0,,,,1,,,,,,,,,,,,,,,,
0-15,4-1,0-0,,1229803,,,,,2,Ad,Player1,Near,,,,,,,,,,186,477,Down the Line,Backhand,,,,,,,,,,8,-208,,,,,,,,,,,,,,,,,,,,
0-30,4-1,0-0,1,1232098,,,,,1,Deuce,Player1,Near,0,T,-30,269,1,T,-43,229,,,,,,,,,,,,,,,,,,,,,,,,,,,,,,,,,,,,
0-30,4-1,0-0,,1272462,1,,,,2,Deuce,Player1,Near,,,,,,,,,,-126,442,Crosscourt,Backhand,,,,,,,,,,80,-613,,,,,1,,,,,,,,,,,,,,,
15-30,4-1,0-0,1,1273657,,,,,1,Ad,Player1,Near,0,T,45,301,1,Wide,112,218,,,,,,,,,,,,,,,,,,,,,,,,,,,,,,,,,,,,
15-30,4-1,0-0,,1304219,,,,,2,Ad,Player1,Near,,,,,,,,,,138,485,Crosscourt,Backhand,,,,,,,,,,-48,-264,,,,,,,,,,,,,,,,,,,,
15-30,4-1,0-0,,1304565,,,,,3,Ad,Player1,Near,,,,,,,,,,-83,-440,Down the Line,Backhand,,,,1,,,,,,-96,421,,,,,,,,,,,,,,,,,,,,
15-30,4-1,0-0,,1306910,,,,,4,Deuce,Player1,Near,,,,,,,,,,-62,514,Down the Line,Forehand,,,,,,,,,,-94,-173,,,,,,,,,,,,,,,,,,,,
15-30,4-1,0-0,,1307529,,,,,5,Ad,Player1,Near,,,,,,,,,,-83,-176,Crosscourt,Backhand,,1,,,,,,,,77,362,,,,,,,,,,,,,,,,,,,,
15-30,4-1,0-0,,1309050,1,,,,6,Ad,Player1,Near,,,,,,,,,,146,458,Crosscourt,Backhand,,,,,,1,,,,-235,-189,,1,,,,,,,,,,,,,,,,,,
30-30,4-1,0-0,1,1310211,1,,,,1,Deuce,Player1,Near,0,T,5,0,0,T,-46,0,,,,,,,,,,,,,,,,,,,,,,,,,,,,,,,,,,,,
30-40,4-1,0-0,1,1352894,,,,,1,Ad,Player1,Near,1,T,40,229,,,,,,,,,,,,,,,,,,,,,,,,,,,,,,,,,,,,,,,,
30-40,4-1,0-0,,1383782,,,,,2,Ad,Player1,Near,,,,,,,,,,69,482,Down the Line,Forehand,1,,,,,,,,,18,-216,,,,,,,,,,,,,,,,,,,,
30-40,4-1,0-0,,1385583,,,,,3,Ad,Player1,Near,,,,,,,,,,-6,-384,Down the Line,Forehand,,,,1,,,,,,-3,269,,,,,,,,,,,,,,,,,,,,
30-40,4-1,0-0,,1386417,,,,,4,Ad,Player1,Near,,,,,,,,,,8,480,Down the Line,Forehand,,,,,,,,,,88,-96,,,,,,,,,,,,,,,,,,,,
30-40,4-1,0-0,,1387220,1,,,,5,Deuce,Player1,Near,,,,,,,,,,74,-99,Down the Line,Forehand,,1,,,,,,,,234,-45,,1,,1,,,,,,,,,,,,,,,,
0-0,4-2,0-0,1,1401082,1,,,,1,Deuce,Player2,Far,0,T,-29,2,0,T,38,16,,,,,,,,,,,,,,,,,,,,,,,,,,,,,,,,,,,,
0-15,4-2,0-0,1,1427050,,,,,1,Ad,Player2,Far,1,T,-16,-198,,,,,,,,,,,,,,,,,,,,,,,,,,,,,,,,,,,,,,,,
0-15,4-2,0-0,,1459363,,,,,2,Ad,Player2,Far,,,,,,,,,,-26,-499,Crosscourt,Forehand,,,,,,,,,,51,229,,,,,,,,,,,,,,,,,,,,
0-15,4-2,0-0,,1459604,,,,,3,Ad,Player2,Far,,,,,,,,,,32,480,Down the Line,Backhand,,,,,,,,,,54,-216,,,,,,,,,,,,,,,,,,,,
0-15,4-2,0-0,,1460901,1,,,,4,Deuce,Player2,Far,,,,,,,,,,32,-491,Down the Line,Forehand,,,,,,,,,,8,-11,,,,1,,,,,,,,,,,,,,,,
15-15,4-2,0-0,1,1471811,,,,,1,Deuce,Player2,Far,1,T,17,-151,,,,,,,,,,,,,,,,,,,,,,,,,,,,,,,,,,,,,,,,
15-15,4-2,0-0,,1485896,,,,,2,Deuce,Player2,Far,,,,,,,,,,163,-463,Down the Line,Backhand,,,,,,,,,,54,297,,,,,,,,,,,,,,,,,,,,
15-15,4-2,0-0,,1488063,,,,,3,Ad,Player2,Far,,,,,,,,,,51,478,Crosscourt,Backhand,,,,,,,,,,-87,-114,,,,,,,,,,,,,,,,,,,,
15-15,4-2,0-0,,1489072,,,,,4,Ad,Player2,Far,,,,,,,,,,-143,-465,Down the Line,Backhand,1,,,,,,,,,-119,435,,,,,,,,,,,,,,,,,,,,
15-15,4-2,0-0,,1490412,,,,,5,Deuce,Player2,Far,,,,,,,,,,-74,494,Crosscourt,Forehand,,,,,,,,,,73,-228,,,,,,,,,,,,,,,,,,,,
15-15,4-2,0-0,,1492378,1,,,,6,Deuce,Player2,Far,,,,,,,,,,115,-473,Crosscourt,Forehand,,,,,,,,,,-100,513,,,,,1,,,,,,,,,,,,,,,
30-15,4-2,0-0,1,1498169,,,,,1,Ad,Player2,Far,1,Wide,-119,-183,,,,,,,,,,,,,,,,,,,,,,,,,,,,,,,,,,,,,,,,
30-15,4-2,0-0,,1515956,,,,,2,Ad,Player2,Far,,,,,,,,,,-183,-505,Down the Line,Backhand,,,,,,,,,,-66,419,,,,,,,,,,,,,,,,,,,,
30-15,4-2,0-0,,1517133,,,,,3,Deuce,Player2,Far,,,,,,,,,,-39,486,Down the Line,Forehand,,,,,,,,,,-87,-364,,,,,,,,,,,,,,,,,,,,
30-15,4-2,0-0,,1518357,,,,,4,Ad,Player2,Far,,,,,,,,,,-127,-598,Crosscourt,Backhand,,,,,,,,,,38,411,,,,,,,,,,,,,,,,,,,,
30-15,4-2,0-0,,1519195,,,,,9,Ad,Player2,Far,,,,,,,,,,125,483,Crosscourt,Forehand,,,,,,,,,,-104,-383,,,,,,,,,,,,,,,,,,,,
30-15,4-2,0-0,,1519433,,,,,5,Ad,Player2,Far,,,,,,,,,,73,481,Crosscourt,Forehand,1,,,,,,,,,-90,-383,,,,,,,,,,,,,,,,,,,,
30-15,4-2,0-0,,1520686,,,,,6,Ad,Player2,Far,,,,,,,,,,-132,-585,Crosscourt,Backhand,,,,,,,,,,83,427,,,,,,,,,,,,,,,,,,,,
30-15,4-2,0-0,,1521685,,,,,10,Ad,Player2,Far,,,,,,,,,,-118,-577,Crosscourt,Backhand,,,,,,,,,,109,411,,,,,,,,,,,,,,,,,,,,
30-15,4-2,0-0,,1522398,,,,,11,Ad,Player2,Far,,,,,,,,,,120,473,Crosscourt,Backhand,,,,,,,,,,-115,-199,,,,,,,,,,,,,,,,,,,,
30-15,4-2,0-0,,1522998,,,,,7,Ad,Player2,Far,,,,,,,,,,113,491,Crosscourt,Backhand,,,,,,,,,,-87,-209,,,,,,,,,,,,,,,,,,,,
30-15,4-2,0-0,,1523449,,,,,12,Ad,Player2,Far,,,,,,,,,,-147,-468,Down the Line,Backhand,,,,,,,,,,-6,278,,,,,,,,,,,,,,,,,,,,
30-15,4-2,0-0,,1523912,,,,,8,Ad,Player2,Far,,,,,,,,,,-135,-465,Crosscourt,Backhand,,,,,,,,,,45,427,,,,,,,,,,,,,,,,,,,,
30-15,4-2,0-0,,1524822,,,,,13,Ad,Player2,Far,,,,,,,,,,61,475,Down the Line,Forehand,,,,,,,,,,101,-188,,,,,,,,,,,,,,,,,,,,
30-15,4-2,0-0,,1526407,1,,,,14,Deuce,Player2,Far,,,,,,,,,,98,-580,Crosscourt,Forehand,,,,,,,,,,-83,477,,,,,1,,,,,,,,,,,,,,,
40-15,4-2,0-0,1,1527994,,,,,1,Deuce,Player2,Far,1,Wide,112,-167,,,,,,,,,,,,,,,,,,,,,,,,,,,,,,,,,,,,,,,,
40-15,4-2,0-0,,1553282,1,,,,2,Deuce,Player2,Far,,,,,,,,,,293,-503,Crosscourt,Forehand,,,,,,,,,,-192,323,,,1,,,,,,,,,,,,,,,,,
0-0,4-3,0-0,1,1652735,,,,,1,Deuce,Player1,Far,1,Body,74,-167,,,,,,,,,,,,,,,,,,,,,,,,,,,,,,,,,,,,,,,,
0-0,4-3,0-0,,1659345,1,,,,2,Deuce,Player1,Far,,,,,,,,,,128,-476,Down the Line,Forehand,1,,,,,,,,,34,-10,,,,1,,,,,,,,,,,,,,,,
15-0,4-3,0-0,1,1660362,,,,,1,Ad,Player1,Far,1,Wide,-112,-191,,,,,,,,,,,,,,,,,,,,,,,,,,,,,,,,,,,,,,,,
15-0,4-3,0-0,,1680453,,,,,2,Ad,Player1,Far,,,,,,,,,,-144,-329,Down the Line,Backhand,,,,,,,,,,-38,366,,,,,,,,,,,,,,,,,,,,
15-0,4-3,0-0,,1681957,,,,,3,Ad,Player1,Far,,,,,,,,,,50,486,Down the Line,Forehand,,,,,,,,,,24,-348,,,,,,,,,,,,,,,,,,,,
15-0,4-3,0-0,,1683603,,,,,4,Deuce,Player1,Far,,,,,,,,,,5,-497,Down the Line,Forehand,,,,,,,,,,24,289,,,,,,,,,,,,,,,,,,,,
15-0,4-3,0-0,,1684608,,,,,5,Ad,Player1,Far,,,,,,,,,,77,478,Down the Line,Forehand,,,,,,,,,,40,-265,,,,,,,,,,,,,,,,,,,,
15-0,4-3,0-0,,1686062,,,,,6,Deuce,Player1,Far,,,,,,,,,,136,-551,Crosscourt,Forehand,,,,,,,,,,-96,329,,,,,,,,,,,,,,,,,,,,
15-0,4-3,0-0,,1687247,,,,,7,Deuce,Player1,Far,,,,,,,,,,-136,494,Down the Line,Forehand,,,,,,,,,,-99,-201,,,,,,,,,,,,,,,,,,,,
15-0,4-3,0-0,,1688702,1,,,,8,Ad,Player1,Far,,,,,,,,,,-118,-471,Crosscourt,Backhand,,,,,,,,,,26,-12,,,,1,,,,,,,,,,,,,,,,
30-0,4-3,0-0,1,1689683,1,,,,1,Deuce,Player1,Far,0,T,26,-260,0,T,24,-279,,,,,,,,,,,,,,,,,,,,,,,,,,,,,,,,,,,,
30-15,4-3,0-0,1,1729439,1,,,,1,Ad,Player1,Far,0,Body,-99,-287,0,Body,-102,-273,,,,,,,,,,,,,,,,,,,,,,,,,,,,,,,,,,,,
30-30,4-3,0-0,1,1772426,,,,,1,Deuce,Player1,Far,1,Body,66,-220,,,,,,,,,,,,,,,,,,,,,,,,,,,,,,,,,,,,,,,,
30-30,4-3,0-0,,1817531,,,,,2,Deuce,Player1,Far,,,,,,,,,,114,-497,Down the Line,Backhand,,,,,,,,,,58,230,,,,,,,,,,,,,,,,,,,,
30-30,4-3,0-0,,1818650,,,,,3,Ad,Player1,Far,,,,,,,,,,85,475,Crosscourt,Backhand,,,,,,,,,,-59,-337,,,,,,,,,,,,,,,,,,,,
30-30,4-3,0-0,,1819968,1,,,,4,Ad,Player1,Far,,,,,,,,,,-83,-500,Down the Line,Backhand,,,,,,,,,,-62,-7,,,,1,,,,,,,,,,,,,,,,
40-30,4-3,0-0,1,1821084,,,,,1,Ad,Player1,Far,1,Body,-62,-201,,,,,,,,,,,,,,,,,,,,,,,,,,,,,,,,,,,,,,,,
40-30,4-3,0-0,,1849509,,,,,2,Ad,Player1,Far,,,,,,,,,,-104,-481,Crosscourt,Forehand,1,,,,,,,,,53,435,,,,,,,,,,,,,,,,,,,,
40-30,4-3,0-0,,1852079,,,,,3,Ad,Player1,Far,,,,,,,,,,85,491,Crosscourt,Forehand,,,,,,,,,,-86,-279,,,,,,,,,,,,,,,,,,,,
40-30,4-3,0-0,,1852769,,,,,4,Ad,Player1,Far,,,,,,,,,,-179,-532,Crosscourt,Backhand,,,,,,,,,,29,334,,,,,,,,,,,,,,,,,,,,
40-30,4-3,0-0,,1852986,,,,,6,Ad,Player1,Far,,,,,,,,,,-195,-529,Crosscourt,Backhand,,,,,,,,,,24,411,,,,,,,,,,,,,,,,,,,,
40-30,4-3,0-0,,1854040,,,,,7,Ad,Player1,Far,,,,,,,,,,69,478,Down the Line,Backhand,,,,1,,,,,,77,-335,,,,,,,,,,,,,,,,,,,,
40-30,4-3,0-0,,1855068,,,,,5,Ad,Player1,Far,,,,,,,,,,93,510,Crosscourt,Forehand,,,,,,,,,,-80,-271,,,,,,,,,,,,,,,,,,,,
40-30,4-3,0-0,,1858900,,,,,8,Deuce,Player1,Far,,,,,,,,,,109,-574,Down the Line,Forehand,,,,,,,1,,,77,102,,,,,,,,,,,,,,,,,,,,
40-30,4-3,0-0,,1859870,,,,,9,Ad,Player1,Far,,,,,,,,,,74,108,Down the Line,Backhand,,1,,,,,1,,,82,-324,,,,,,,,,,,,,,,,,,,,
40-30,4-3,0-0,,1862147,1,,,,10,Deuce,Player1,Far,,,,,,,,,,80,-516,Down the Line,Forehand,,,,,,,,,,34,-74,,,,1,,,,,,,,,,,,,,,,
0-0,5-3,0-0,1,1900964,,,,,1,Deuce,Player2,Near,0,T,24,-10,1,Wide,-147,174,,,,,,,,,,,,,,,,,,,,,,,,,,,,,,,,,,,,
0-0,5-3,0-0,,1919087,,,,,2,Deuce,Player2,Near,,,,,,,,,,-243,489,Down the Line,Forehand,,,,,,,,,,-19,-417,,,,,,,,,,,,,,,,,,,,
0-0,5-3,0-0,,1920510,,,,,3,Deuce,Player2,Near,,,,,,,,,,18,-513,Down the Line,Backhand,,,,,,,,,,24,358,,,,,,,,,,,,,,,,,,,,
0-0,5-3,0-0,,1921886,,,,,4,Ad,Player2,Near,,,,,,,,,,66,491,Crosscourt,Backhand,,,,,,,,,,-72,-399,,,,,,,,,,,,,,,,,,,,
0-0,5-3,0-0,,1923188,,,,,5,Ad,Player2,Near,,,,,,,,,,-91,-513,Down the Line,Forehand,,,,,,,,,,-99,323,,,,,,,,,,,,,,,,,,,,
0-0,5-3,0-0,,1923545,,,,,6,Ad,Player2,Near,,,,,,,,,,-91,-497,Down the Line,Forehand,,,,,,,,,,-128,334,,,,,,,,,,,,,,,,,,,,
0-0,5-3,0-0,,1924870,,,,,7,Deuce,Player2,Near,,,,,,,,,,-126,494,Crosscourt,Forehand,,,,,,,,,,106,-425,,,,,,,,,,,,,,,,,,,,
0-0,5-3,0-0,,1926403,,,,,8,Deuce,Player2,Near,,,,,,,,,,160,-508,Down the Line,Forehand,,,,,,,,,,69,422,,,,,,,,,,,,,,,,,,,,
0-0,5-3,0-0,,1927463,,,,,9,Ad,Player2,Near,,,,,,,,,,88,494,Down the Line,Backhand,,,,,,,,,,24,-399,,,,,,,,,,,,,,,,,,,,
0-0,5-3,0-0,,1929086,,,,,10,Deuce,Player2,Near,,,,,,,,,,21,-508,Down the Line,Forehand,,,,,,,,,,61,233,,,,,,,,,,,,,,,,,,,,
0-0,5-3,0-0,,1930677,,,,,11,Ad,Player2,Near,,,,,,,,,,109,473,Down the Line,Backhand,,,,,,,,,,16,-209,,,,,,,,,,,,,,,,,,,,
0-0,5-3,0-0,,1932292,,,,,12,Deuce,Player2,Near,,,,,,,,,,16,-380,Crosscourt,Forehand,,,,,,,,1,,-86,305,,,,,,,,,,,,,,,,,,,,
0-0,5-3,0-0,,1933925,1,,,,13,Deuce,Player2,Near,,,,,,,,,,-136,486,Down the Line,Forehand,,,,,,,,,,-197,-260,,1,,,,,,,,,,,,,,,,,,
0-15,5-3,0-0,1,1934906,,,,,1,Ad,Player2,Near,0,T,26,4,1,Body,58,230,,,,,,,,,,,,,,,,,,,,,,,,,,,,,,,,,,,,
0-15,5-3,0-0,,1973779,,,,,2,Ad,Player2,Near,,,,,,,,,,98,473,Crosscourt,Backhand,,,,1,,,,,,-72,-343,,,,,,,,,,,,,,,,,,,,
0-15,5-3,0-0,,1975831,1,,,,3,Ad,Player2,Near,,,,,,,,,,-83,-487,Crosscourt,Forehand,,,,,,,,,,45,-10,,,,1,,,,,,,,,,,,,,,,
15-15,5-3,0-0,1,1979239,,,,,1,Deuce,Player2,Near,1,T,-14,222,,,,,,,,,,,,,,,,,,,,,,,,,,,,,,,,,,,,,,,,
15-15,5-3,0-0,,2007510,,,,,2,Deuce,Player2,Near,,,,,,,,,,-78,489,Down the Line,Backhand,,,,,,,,,,-72,-220,,,,,,,,,,,,,,,,,,,,
15-15,5-3,0-0,,2009009,1,,,,3,Ad,Player2,Near,,,,,,,,,,-64,-431,Down the Line,Forehand,,,,,,,,,,-179,339,,,1,,,,,,,,,,,,,,,,,
15-30,5-3,0-0,1,2010170,,,,,1,Ad,Player2,Near,1,T,32,228,,,,,,,,,,,,,,,,,,,,,,,,,,,,,,,,,,,,,,,,
15-30,5-3,0-0,,2040157,,,,,2,Ad,Player2,Near,,,,,,,,,,50,494,Crosscourt,Forehand,,,,,,,,,,-72,-271,,,,,,,,,,,,,,,,,,,,
15-30,5-3,0-0,,2041473,,,,,3,Ad,Player2,Near,,,,,,,,,,-136,-508,Crosscourt,Backhand,,,,,,,,,,74,406,,,,,,,,,,,,,,,,,,,,
15-30,5-3,0-0,,2043202,,,,,4,Ad,Player2,Near,,,,,,,,,,130,502,Crosscourt,Backhand,,,,,,,,,,-88,-273,,,,,,,,,,,,,,,,,,,,
15-30,5-3,0-0,,2044344,,,,,5,Ad,Player2,Near,,,,,,,,,,-118,-471,Crosscourt,Backhand,,,,,,,,,,21,265,,,,,,,,,,,,,,,,,,,,
15-30,5-3,0-0,,2045350,,,,,6,Ad,Player2,Near,,,,,,,,,,96,475,Down the Line,Backhand,,,,,,,,,,56,-287,,,,,,,,,,,,,,,,,,,,
15-30,5-3,0-0,,2046651,1,,,,7,Deuce,Player2,Near,,,,,,,,,,114,-492,Crosscourt,Forehand,,,,,,,,,,-62,-26,,,,1,,,,,,,,,,,,,,,,
15-40,5-3,0-0,1,2047759,,,,,1,Deuce,Player2,Near,1,Body,-70,228,,,,,,,,,,,,,,,,,,,,,,,,,,,,,,,,,,,,,,,,
15-40,5-3,0-0,,2075033,,,,,2,Deuce,Player2,Near,,,,,,,,,,-168,486,Crosscourt,Forehand,,,,,,,,,,45,-353,,,,,,,,,,,,,,,,,,,,
15-40,5-3,0-0,,2076566,,,,,3,Deuce,Player2,Near,,,,,,,,,,66,-508,Crosscourt,Forehand,,,,,,,,,,-86,398,,,,,,,,,,,,,,,,,,,,
15-40,5-3,0-0,,2077831,,,,,4,Deuce,Player2,Near,,,,,,,,,,-131,494,Down the Line,Forehand,,,,,,,,,,-102,-273,,,,,,,,,,,,,,,,,,,,
15-40,5-3,0-0,,2079210,,,,,5,Ad,Player2,Near,,,,,,,,,,-115,-503,Crosscourt,Backhand,,,,,,,,,,50,270,,,,,,,,,,,,,,,,,,,,
15-40,5-3,0-0,,2081886,1,,,,6,Ad,Player2,Near,,,,,,,,,,141,507,Crosscourt,Backhand,,,,,,,,,,-195,-321,,1,,,,,,,,,,,,,,,,,,
30-40,5-3,0-0,1,2081887,,,,,1,Ad,Player2,Near,1,T,10,222,,,,,,,,,,,,,,,,,,,,,,,,,,,,,,,,,,,,,,,,
30-40,5-3,0-0,,2105616,,,,,2,Ad,Player2,Near,,,,,,,,,,0,481,Down the Line,Forehand,,,,,,,,,,18,-420,,,,,,,,,,,,,,,,,,,,
30-40,5-3,0-0,,2107003,,,,,3,Deuce,Player2,Near,,,,,,,,,,64,-492,Down the Line,Forehand,,,,,,,,,,112,220,,,,,,,,,,,,,,,,,,,,
30-40,5-3,0-0,,2108701,,,,,4,Ad,Player2,Near,,,,,,,,,,149,494,Crosscourt,Backhand,,1,,,,,,1,,-83,-287,,,,,,,,,,,,,,,,,,,,
30-40,5-3,0-0,,2110661,,,,,5,Ad,Player2,Near,,,,,,,,,,-67,-287,Down the Line,Backhand,,,,,,,,1,,-51,417,,,,,,,,,,,,,,,,,,,,
30-40,5-3,0-0,,2111641,1,,,,6,Deuce,Player2,Near,,,,,,,,,,-35,494,Down the Line,Forehand,,,,,,,,,,-208,-324,,1,,,,,,,,,,,,,,,,,,
40-40,5-3,0-0,1,2114176,,,,1,1,Ad,Player2,Near,0,T,-6,401,1,Body,58,220,,,,,,,,,,,,,,,,,,,,,,,,,,,,,,,,,,,,
40-40,5-3,0-0,,2151995,,,,,2,Ad,Player2,Near,,,,,,,,,,69,483,Down the Line,Forehand,,,,,,,,,,2,-180,,,,,,,,,,,,,,,,,,,,
40-40,5-3,0-0,,2153646,,,,,3,Ad,Player2,Near,,,,,,,,,,-62,-481,Down the Line,Backhand,,,,,,,,,,-88,347,,,,,,,,,,,,,,,,,,,,
40-40,5-3,0-0,,2155268,,,,,4,Deuce,Player2,Near,,,,,,,,,,-91,505,Down the Line,Forehand,,,,,,,,,,-94,-183,,,,,,,,,,,,,,,,,,,,
40-40,5-3,0-0,,2157049,,,,,5,Ad,Player2,Near,,,,,,,,,,-126,-484,Crosscourt,Backhand,,,,,,,,,,37,230,,,,,,,,,,,,,,,,,,,,
40-40,5-3,0-0,,2158248,,,,,6,Ad,Player2,Near,,,,,,,,,,88,475,Crosscourt,Backhand,,,,,,,,,,-48,-364,,,,,,,,,,,,,,,,,,,,
40-40,5-3,0-0,,2159476,,,,,7,Ad,Player2,Near,,,,,,,,,,-94,-487,Crosscourt,Backhand,,,,,,,,,,66,289,,,,,,,,,,,,,,,,,,,,
40-40,5-3,0-0,,2161243,,,,,8,Ad,Player2,Near,,,,,,,,,,114,473,Crosscourt,Backhand,,,,,,,,,,-126,-153,,,,,,,,,,,,,,,,,,,,
40-40,5-3,0-0,,2162800,,,,,9,Ad,Player2,Near,,,,,,,,,,-181,-505,Crosscourt,Backhand,,,,,,,,,,18,387,,,,,,,,,,,,,,,,,,,,
40-40,5-3,0-0,,2164152,,,,,10,Ad,Player2,Near,,,,,,,,,,64,483,Crosscourt,Forehand,,,,,,,,,,-96,-193,,,,,,,,,,,,,,,,,,,,
40-40,5-3,0-0,,2166062,,,,,11,Ad,Player2,Near,,,,,,,,,,-200,-497,Crosscourt,Backhand,,,,,,,,,,13,414,,,,,,,,,,,,,,,,,,,,
40-40,5-3,0-0,,2167919,,,,,12,Ad,Player2,Near,,,,,,,,,,61,481,Crosscourt,Forehand,,,,,,,,,,-112,-223,,,,,,,,,,,,,,,,,,,,
40-40,5-3,0-0,,2170167,,,,,13,Ad,Player2,Near,,,,,,,,,,-272,-537,Crosscourt,Backhand,,,,,,,,,,77,217,,,,,,,,,,,,,,,,,,,,
40-40,5-3,0-0,,2171516,,,,,14,Ad,Player2,Near,,,,,,,,,,165,409,Crosscourt,Backhand,,,,,,,,,,-102,-327,,,,,,,,,,,,,,,,,,,,
40-40,5-3,0-0,,2173125,,,,,15,Ad,Player2,Near,,,,,,,,,,-118,-465,Down the Line,Backhand,,,,,,,,,,-94,430,,,,,,,,,,,,,,,,,,,,
40-40,5-3,0-0,,2174495,,,,,16,Deuce,Player2,Near,,,,,,,,,,-96,505,Down the Line,Forehand,,,,,,,,,,-22,-265,,,,,,,,,,,,,,,,,,,,
40-40,5-3,0-0,,2176854,1,,,,17,Ad,Player2,Near,,,,,,,,,,-43,-297,Crosscourt,Forehand,,,,,,,,,,130,217,1,,,,,,,,,,,,,,,,,,,
0-0,5-4,0-0,1,2288253,,,,,1,Deuce,Player1,Near,1,Wide,-142,238,,,,,,,,,,,,,,,,,,,,,,,,,,,,,,,,,,,,,,,,
0-0,5-4,0-0,,2295085,,,,,2,Deuce,Player1,Near,,,,,,,,,,-208,518,Down the Line,Forehand,,,,,,,,,,-115,-87,,,,,,,,,,,,,,,,,,,,
0-0,5-4,0-0,,2297589,1,,,,3,Ad,Player1,Near,,,,,,,,,,-115,-103,Down the Line,Backhand,,,,,,,,,,-83,-12,,,,1,,,,,,,,,,,,,,,,
0-15,5-4,0-0,1,2298532,,,,,1,Ad,Player1,Near,1,Body,74,228,,,,,,,,,,,,,,,,,,,,,,,,,,,,,,,,,,,,,,,,
0-15,5-4,0-0,,2319869,1,,,,2,Ad,Player1,Near,,,,,,,,,,122,483,Down the Line,Backhand,,,,,,,,,,48,12,,,,1,,,,,,,,,,,,,,,,
15-15,5-4,0-0,1,2321957,,,,,1,Deuce,Player1,Near,1,T,-43,236,,,,,,,,,,,,,,,,,,,,,,,,,,,,,,,,,,,,,,,,
15-15,5-4,0-0,,2349041,,,,,2,Deuce,Player1,Near,,,,,,,,,,-46,475,Down the Line,Backhand,,,,,,,,,,-139,-316,,,,,,,,,,,,,,,,,,,,
15-15,5-4,0-0,,2350628,,,,,3,Ad,Player1,Near,,,,,,,,,,-139,-361,Down the Line,Backhand,,,,1,,,,,,-75,377,,,,,,,,,,,,,,,,,,,,
15-15,5-4,0-0,,2352433,1,,,,4,Deuce,Player1,Near,,,,,,,,,,-70,494,Crosscourt,Forehand,,,,,,,,,,80,-289,1,,,,,,,,,,,,,,,,,,,
15-30,5-4,0-0,1,2353469,,,,,1,Ad,Player1,Near,0,Body,88,-7,1,Body,66,225,,,,,,,,,,,,,,,,,,,,,,,,,,,,,,,,,,,,
15-30,5-4,0-0,,2400329,,,,,2,Ad,Player1,Near,,,,,,,,,,72,502,Down the Line,Forehand,,,,,,,,,,69,-297,,,,,,,,,,,,,,,,,,,,
15-30,5-4,0-0,,2402134,,,,,3,Deuce,Player1,Near,,,,,,,,,,120,-487,Crosscourt,Forehand,,,,,,,,,,-32,425,,,,,,,,,,,,,,,,,,,,
15-30,5-4,0-0,,2403944,,,,,4,Deuce,Player1,Near,,,,,,,,,,-56,499,Down the Line,Forehand,,,,,,,,,,-112,-412,,,,,,,,,,,,,,,,,,,,
15-30,5-4,0-0,,2404878,,,,,5,Ad,Player1,Near,,,,,,,,,,-179,-569,Down the Line,Backhand,,,,,,,,,,-46,369,,,,,,,,,,,,,,,,,,,,
15-30,5-4,0-0,,2408303,,,,,6,Deuce,Player1,Near,,,,,,,,,,-14,502,Down the Line,Forehand,,,,,,,,,,-91,-279,,,,,,,,,,,,,,,,,,,,
15-30,5-4,0-0,,2410105,,,,,7,Ad,Player1,Near,,,,,,,,,,-213,-548,Down the Line,Backhand,,,,,,,,,,-8,393,,,,,,,,,,,,,,,,,,,,
15-30,5-4,0-0,,2410710,1,,,,8,Ad,Player1,Near,,,,,,,,,,13,510,Crosscourt,Forehand,,,,,,,,,,-136,-305,1,,,,,,,,,,,,,,,,,,,
15-40,5-4,0-0,1,2411756,,,,,1,Deuce,Player1,Near,1,Body,-96,230,,,,,,,,,,,,,,,,,,,,,,,,,,,,,,,,,,,,,,,,
15-40,5-4,0-0,,2439616,,,,,2,Deuce,Player1,Near,,,,,,,,,,-147,483,Down the Line,Backhand,1,,,,,,,,,-136,-417,,,,,,,,,,,,,,,,,,,,
15-40,5-4,0-0,,2441667,,,,,3,Ad,Player1,Near,,,,,,,,,,-136,-508,Crosscourt,Forehand,,,,,,,,,,37,268,,,,,,,,,,,,,,,,,,,,
15-40,5-4,0-0,,2443523,,,,,4,Ad,Player1,Near,,,,,,,,,,109,483,Crosscourt,Backhand,,,,,,,,,,-30,-289,,,,,,,,,,,,,,,,,,,,
15-40,5-4,0-0,,2445392,,,,,5,Ad,Player1,Near,,,,,,,,,,-67,-484,Crosscourt,Forehand,,,,,,,,,,80,313,,,,,,,,,,,,,,,,,,,,
15-40,5-4,0-0,,2447316,,,,,6,Ad,Player1,Near,,,,,,,,,,114,505,Down the Line,Backhand,,,,,,,,,,53,-263,,,,,,,,,,,,,,,,,,,,
15-40,5-4,0-0,,2448643,1,,,,7,Deuce,Player1,Near,,,,,,,,,,72,-497,Down the Line,Forehand,,,,,,,,,,16,-17,,,,1,,,,,,,,,,,,,,,,
0-0,5-5,0-0,1,2486412,,,,,1,Deuce,Player2,Far,0,T,40,-279,1,Body,56,-153,,,,,,,,,,,,,,,,,,,,,,,,,,,,,,,,,,,,
0-0,5-5,0-0,,2499620,,,,,2,Deuce,Player2,Far,,,,,,,,,,136,-356,Crosscourt,Forehand,,,,,,,,,,-43,276,,,,,,,,,,,,,,,,,,,,
0-0,5-5,0-0,,2500691,,,,,3,Deuce,Player2,Far,,,,,,,,,,-94,478,Crosscourt,Forehand,,,,,,,,,,77,-225,,,,,,,,,,,,,,,,,,,,
0-0,5-5,0-0,,2502485,1,,,,4,Deuce,Player2,Far,,,,,,,,,,154,-519,Down the Line,Forehand,,,,,,,,,,80,-79,,,,1,,,,,,,,,,,,,,,,
15-0,5-5,0-0,1,2503247,,,,,1,Ad,Player2,Far,0,Wide,-179,-193,1,Body,-80,-140,,,,,,,,,,,,,,,,,,,,,,,,,,,,,,,,,,,,
15-0,5-5,0-0,,2540537,1,,,,2,Ad,Player2,Far,,,,,,,,,,-91,-401,Down the Line,Forehand,,,,,,,,,,-86,489,,,,,1,,,,,,,,,,,,,,,
30-0,5-5,0-0,1,2542568,,,,,1,Deuce,Player2,Far,1,Body,61,-225,,,,,,,,,,,,,,,,,,,,,,,,,,,,,,,,,,,,,,,,
30-0,5-5,0-0,,2566460,,,,,2,Deuce,Player2,Far,,,,,,,,,,117,-497,Down the Line,Forehand,,,,,,,,,,98,345,,,,,,,,,,,,,,,,,,,,
30-0,5-5,0-0,,2567597,,,,,3,Ad,Player2,Far,,,,,,,,,,77,491,Down the Line,Backhand,,,,,,,,,,64,-276,,,,,,,,,,,,,,,,,,,,
30-0,5-5,0-0,,2569086,,,,,4,Deuce,Player2,Far,,,,,,,,,,98,-505,Crosscourt,Forehand,,,,,,,,,,-22,438,,,,,,,,,,,,,,,,,,,,
30-0,5-5,0-0,,2570310,1,,,,5,Deuce,Player2,Far,,,,,,,,,,-27,473,Crosscourt,Forehand,,,,,,,,,,173,-300,,,1,,,,,,,,,,,,,,,,,
30-15,5-5,0-0,1,2571654,,,,,1,Ad,Player2,Far,0,Body,-70,-279,1,Body,-91,-151,,,,,,,,,,,,,,,,,,,,,,,,,,,,,,,,,,,,
30-15,5-5,0-0,,2607424,1,,,,2,Ad,Player2,Far,,,,,,,,,,-126,-383,Crosscourt,Backhand,,,,,,,,,,303,329,,1,,,,,,,,,,,,,,,,,,
40-15,5-5,0-0,1,2608892,,,,,1,Deuce,Player2,Far,1,Body,56,-228,,,,,,,,,,,,,,,,,,,,,,,,,,,,,,,,,,,,,,,,
40-15,5-5,0-0,,2631610,,,,,2,Deuce,Player2,Far,,,,,,,,,,112,-487,Down the Line,Backhand,,,,,,,,,,24,228,,,,,,,,,,,,,,,,,,,,
40-15,5-5,0-0,,2633267,,,,,3,Ad,Player2,Far,,,,,,,,,,0,483,Down the Line,Backhand,,,,1,,,,,,-102,-231,,,,,,,,,,,,,,,,,,,,
40-15,5-5,0-0,,2634408,,,,,4,Ad,Player2,Far,,,,,,,,,,-227,-551,Down the Line,Backhand,1,,,,,,,,1,-48,299,,,,,,,,,,,,,,,,,,,,
40-15,5-5,0-0,,2636080,1,,,,5,Ad,Player2,Far,,,,,,,,,,45,220,Down the Line,Forehand,,,1,,,,,1,,80,-217,1,,,,,,,,,,,,,,,,,,,
0-0,5-6,0-0,1,2745017,,,,,1,Deuce,Player1,Far,1,Wide,117,-220,,,,,,,,,,,,,,,,,,,,,,,,,,,,,,,,,,,,,,,,
0-0,5-6,0-0,,2746194,,,,,2,Deuce,Player1,Far,,,,,,,,,,178,-401,Crosscourt,Forehand,,,,,,,,,,-67,260,,,,,,,,,,,,,,,,,,,,
0-0,5-6,0-0,,2747638,1,,,,3,Deuce,Player1,Far,,,,,,,,,,-112,379,Down the Line,Forehand,,,,,,,,,,-157,-345,1,,,,,,,,,,,,,,,,,,,
15-0,5-6,0-0,1,2748787,,,,,1,Ad,Player1,Far,0,T,37,-212,1,Body,-86,-114,,,,,,,,,,,,,,,,,,,,,,,,,,,,,,,,,,,,
15-0,5-6,0-0,,2787298,,,,,2,Ad,Player1,Far,,,,,,,,,,-136,-476,Down the Line,Backhand,,,,,,,,,,-43,225,,,,,,,,,,,,,,,,,,,,
15-0,5-6,0-0,,2788385,,,,,3,Ad,Player1,Far,,,,,,,,,,26,483,Down the Line,Forehand,,,,,,,,,,66,-260,,,,,,,,,,,,,,,,,,,,
15-0,5-6,0-0,,2789929,,,,,4,Deuce,Player1,Far,,,,,,,,,,106,-537,Down the Line,Forehand,,,,,,,,,,56,414,,,,,,,,,,,,,,,,,,,,
15-0,5-6,0-0,,2791180,,,,,5,Ad,Player1,Far,,,,,,,,,,74,494,Crosscourt,Backhand,,,,,,,,,,-94,-164,,,,,,,,,,,,,,,,,,,,
15-0,5-6,0-0,,2792361,,,,,6,Ad,Player1,Far,,,,,,,,,,-94,-484,Down the Line,Backhand,,,,,,,,,,-96,371,,,,,,,,,,,,,,,,,,,,
15-0,5-6,0-0,,2793590,,,,,7,Deuce,Player1,Far,,,,,,,,,,-91,497,Down the Line,Forehand,,,,,,,,,,-126,-375,,,,,,,,,,,,,,,,,,,,
15-0,5-6,0-0,,2795123,1,,,,8,Ad,Player1,Far,,,,,,,,,,-147,-513,Crosscourt,Backhand,,,,,,,,,,26,-15,,,,1,,,,,,,,,,,,,,,,
30-0,5-6,0-0,1,2796175,,,,,1,Deuce,Player1,Far,1,Body,69,-228,,,,,,,,,,,,,,,,,,,,,,,,,,,,,,,,,,,,,,,,
30-0,5-6,0-0,,2823339,,,,,2,Deuce,Player1,Far,,,,,,,,,,114,-487,Crosscourt,Backhand,1,,,,,,,,,-115,409,,,,,,,,,,,,,,,,,,,,
30-0,5-6,0-0,,2826288,,,,,3,Deuce,Player1,Far,,,,,,,,,,-126,494,Crosscourt,Forehand,,,,,,,,,,109,-321,,,,,,,,,,,,,,,,,,,,
30-0,5-6,0-0,,2827471,,,,,4,Deuce,Player1,Far,,,,,,,,,,184,-497,Crosscourt,Forehand,,,,,,,,,,-59,387,,,,,,,,,,,,,,,,,,,,
30-0,5-6,0-0,,2828882,,,,,5,Deuce,Player1,Far,,,,,,,,,,-99,491,Down the Line,Forehand,,,,,,,,,,-70,-279,,,,,,,,,,,,,,,,,,,,
30-0,5-6,0-0,,2830284,,,,,6,Ad,Player1,Far,,,,,,,,,,-115,-508,Crosscourt,Backhand,,,,,,,,,,34,297,,,,,,,,,,,,,,,,,,,,
30-0,5-6,0-0,,2831607,,,,,7,Ad,Player1,Far,,,,,,,,,,77,489,Crosscourt,Backhand,,,,,,,,,,-120,-284,,,,,,,,,,,,,,,,,,,,
30-0,5-6,0-0,,2832766,1,,,,8,Ad,Player1,Far,,,,,,,,,,-179,-503,Down the Line,Backhand,,,,,,,,,,-88,-143,,,,1,,,,,,,,,,,,,,,,
40-0,5-6,0-0,1,2833763,,,,,1,Ad,Player1,Far,1,Wide,-118,-175,,,,,,,,,,,,,,,,,,,,,,,,,,,,,,,,,,,,,,,,
40-0,5-6,0-0,,2862722,1,,,,2,Ad,Player1,Far,,,,,,,,,,-200,-337,Crosscourt,Backhand,,,,,,,,,,66,486,,,,,1,,,,,,,,,,,,,,,
0-0,6-6,0-0,1,2888894,,,,,1,Deuce,Player2,Near,1,Body,-74,184,,,,,,,,,,,,,,,,,,,,,,,,,,,,,,,,,,,,,,,,
0-0,6-6,0-0,,2895436,,,,,2,Deuce,Player2,Near,,,,,,,,,,-146,483,Down the Line,Forehand,,,,,,,,,,-146,-230,,,,,,,,,,,,,,,,,,,,
0-0,6-6,0-0,,2896829,,,,,3,Ad,Player2,Near,,,,,,,,,,-124,-507,Crosscourt,Backhand,,,,,,,,,,68,280,,,,,,,,,,,,,,,,,,,,
0-0,6-6,0-0,,2898239,,,,,4,Ad,Player2,Near,,,,,,,,,,111,467,Down the Line,Backhand,,,,,,,,,,84,-289,,,,,,,,,,,,,,,,,,,,
0-0,6-6,0-0,,2899893,1,,,,5,Deuce,Player2,Near,,,,,,,,,,111,-512,Down the Line,Forehand,,,,,,,,,,100,-11,,,,1,,,,,,,,,,,,,,,,
1-0,6-6,0-0,1,2920265,,,,,1,Ad,Player1,Far,1,Body,-74,-231,,,,,,,,,,,,,,,,,,,,,,,,,,,,,,,,,,,,,,,,
1-0,6-6,0-0,,2933205,1,,,,2,Ad,Player1,Far,,,,,,,,,,-111,-475,Down the Line,Backhand,,,,,,,,,,-71,467,,,,,1,,,,,,,,,,,,,,,
2-0,6-6,0-0,1,2936410,,,,,1,Deuce,Player1,Far,0,Body,103,1,1,Body,92,-174,,,,,,,,,,,,,,,,,,,,,,,,,,,,,,,,,,,,
2-0,6-6,0-0,,2968486,1,,,,2,Deuce,Player1,Far,,,,,,,,,,132,-465,Crosscourt,Forehand,,,,,,,,,,-202,346,,,1,,,,,,,,,,,,,,,,,
0-3,6-6,0-0,1,2973434,,,,,1,Ad,Player2,Near,1,T,39,237,,,,,,,,,,,,,,,,,,,,,,,,,,,,,,,,,,,,,,,,
0-3,6-6,0-0,,2999940,,,,,2,Ad,Player2,Near,,,,,,,,,,12,481,Crosscourt,Forehand,,,,,,,,,,-25,-430,,,,,,,,,,,,,,,,,,,,
0-3,6-6,0-0,,3001620,,,,,3,Ad,Player2,Near,,,,,,,,,,-76,-549,Crosscourt,Forehand,,,,,,,,,,116,258,,,,,,,,,,,,,,,,,,,,
0-3,6-6,0-0,,3003232,,,,,4,Ad,Player2,Near,,,,,,,,,,143,478,Down the Line,Backhand,,,,,,,,,,100,-409,,,,,,,,,,,,,,,,,,,,
0-3,6-6,0-0,,3004310,,,,,5,Deuce,Player2,Near,,,,,,,,,,111,-491,Crosscourt,Forehand,,,,,,,,,,-76,152,,,,,,,,,,,,,,,,,,,,
0-3,6-6,0-0,,3006368,,,,,6,Deuce,Player2,Near,,,,,,,,,,-143,398,Down the Line,Forehand,1,,,,,,,,,-7,-115,,,,,,,,,,,,,,,,,,,,
0-3,6-6,0-0,,3007764,,,,,7,Deuce,Player2,Near,,,,,,,,,,4,-259,Crosscourt,Forehand,1,,,,,,,,,-111,421,,,,,,,,,,,,,,,,,,,,
0-3,6-6,0-0,,3008600,1,,,,8,Deuce,Player2,Near,,,,,,,,,,-47,451,Down the Line,Forehand,,,,,,,,,1,-180,-467,,1,,,1,,,,,,,,,,,,,,,
1-3,6-6,0-0,1,3031519,,,,,1,Deuce,Player2,Near,1,Body,-100,181,,,,,,,,,,,,,,,,,,,,,,,,,,,,,,,,,,,,,,,,
1-3,6-6,0-0,,3038779,,,,,2,Deuce,Player2,Near,,,,,,,,,,-191,480,Crosscourt,Forehand,,,,,,,,,,28,-219,,,,,,,,,,,,,,,,,,,,
1-3,6-6,0-0,,3040270,1,,,,3,Deuce,Player2,Near,,,,,,,,,,71,-390,Down the Line,Forehand,,,,,,,,,,57,-6,,,,1,,,,,,,,,,,,,,,,
4-1,6-6,0-0,1,3051387,,,,,1,Ad,Player1,Far,1,Wide,-130,-220,,,,,,,,,,,,,,,,,,,,,,,,,,,,,,,,,,,,,,,,
4-1,6-6,0-0,,3069527,,,,,2,Ad,Player1,Far,,,,,,,,,,-162,-478,Crosscourt,Backhand,,,,,,,,,,92,437,,,,,,,,,,,,,,,,,,,,
4-1,6-6,0-0,,3070895,,,,,3,Ad,Player1,Far,,,,,,,,,,129,485,Down the Line,Backhand,,,,,,,,,,84,-204,,,,,,,,,,,,,,,,,,,,
4-1,6-6,0-0,,3072550,,,,,4,Deuce,Player1,Far,,,,,,,,,,44,-374,Down the Line,Forehand,,,,1,,,,,,89,397,,,,,,,,,,,,,,,,,,,,
4-1,6-6,0-0,,3073918,1,,,,5,Ad,Player1,Far,,,,,,,,,,97,488,Down the Line,Backhand,,,,,,1,,1,,151,-281,1,,,,,,,,,,,,,,,,,,,
5-1,6-6,0-0,1,3134382,,,,,1,Deuce,Player1,Near,0,T,-10,2,1,Body,-71,229,,,,,,,,,,,,,,,,,,,,,,,,,,,,,,,,,,,,
5-1,6-6,0-0,,3147652,,,,,2,Deuce,Player1,Near,,,,,,,,,,-84,451,Down the Line,Forehand,,,,,,,,,,-79,-259,,,,,,,,,,,,,,,,,,,,
5-1,6-6,0-0,,3148604,,,,,3,Ad,Player1,Near,,,,,,,,,,-50,-499,Crosscourt,Backhand,1,,,,,,,,,36,405,,,,,,,,,,,,,,,,,,,,
5-1,6-6,0-0,,3150741,1,,,,4,Ad,Player1,Near,,,,,,,,,,97,432,Crosscourt,Forehand,,,,,,,,,,-36,2,,,,1,,,,,,,,,,,,,,,,
1-6,6-6,0-0,1,3170598,,,,,1,Ad,Player2,Far,0,Body,-76,-251,1,Wide,-108,-187,,,,,,,,,,,,,,,,,,,,,,,,,,,,,,,,,,,,
1-6,6-6,0-0,,3190236,,,,,2,Ad,Player2,Far,,,,,,,,,,-148,-467,Down the Line,Backhand,,,,,,,,,,-71,328,,,,,,,,,,,,,,,,,,,,
1-6,6-6,0-0,,3191445,,,,,3,Deuce,Player2,Far,,,,,,,,,,-18,478,Crosscourt,Forehand,,,,,,,,,,143,-366,,,,,,,,,,,,,,,,,,,,
1-6,6-6,0-0,,3193277,,,,,4,Deuce,Player2,Far,,,,,,,,,,231,-547,Crosscourt,Forehand,,,,,,,,,,-52,435,,,,,,,,,,,,,,,,,,,,
1-6,6-6,0-0,,3196557,1,,,,5,Deuce,Player2,Far,,,,,,,,,,-50,480,Down the Line,Forehand,,,,,,,,,,-87,541,,,,1,,,,,,,,,,,,,,,,
0-0,0-0,1-0,1,3464114,,,,,1,Deuce,Player1,Far,1,Wide,111,-148,,,,,,,,,,,,,,,,,,,,,,,,,,,,,,,,,,,,,,,,
0-0,0-0,1-0,,3471467,,,,,2,Deuce,Player1,Far,,,,,,,,,,180,-473,Crosscourt,Forehand,1,,,,,,,,,-37,368,,,,,,,,,,,,,,,,,,,,
0-0,0-0,1-0,,3472595,,,,,3,Deuce,Player1,Far,,,,,,,,,,-28,473,Down the Line,Forehand,,,,,,,,,,-50,-234,,,,,,,,,,,,,,,,,,,,
0-0,0-0,1-0,,3474327,,,,,4,Ad,Player1,Far,,,,,,,,,,-17,-486,Crosscourt,Backhand,,,,,,,,,,46,426,,,,,,,,,,,,,,,,,,,,
0-0,0-0,1-0,,3475882,,,,,5,Ad,Player1,Far,,,,,,,,,,9,495,Down the Line,Backhand,,,,,,,,,,6,-344,,,,,,,,,,,,,,,,,,,,
0-0,0-0,1-0,,3477063,,,,,6,Deuce,Player1,Far,,,,,,,,,,4,-552,Down the Line,Forehand,,,,,,,,,,123,197,,,,,,,,,,,,,,,,,,,,
0-0,0-0,1-0,,3478663,,,,,7,Ad,Player1,Far,,,,,,,,,,135,476,Down the Line,Backhand,,,,,,,,,,30,-312,,,,,,,,,,,,,,,,,,,,
0-0,0-0,1-0,,3479806,,,,,8,Ad,Player1,Far,,,,,,,,,,-25,-542,Down the Line,Forehand,,,,,,,,,,-29,331,,,,,,,,,,,,,,,,,,,,
0-0,0-0,1-0,,3481816,1,,,,9,Deuce,Player1,Far,,,,,,,,,,-28,470,Down the Line,Forehand,,,,,,,,,,-143,2,,,,1,,,,,,,,,,,,,,,,
0-15,0-0,1-0,1,3498810,,,,,1,Ad,Player1,Far,1,Wide,-144,-196,,,,,,,,,,,,,,,,,,,,,,,,,,,,,,,,,,,,,,,,
0-15,0-0,1-0,,3505017,,,,,2,Ad,Player1,Far,,,,,,,,,,-243,-474,Crosscourt,Backhand,,,,,,,,,,80,317,,,,,,,,,,,,,,,,,,,,
0-15,0-0,1-0,,3510106,,,,,3,Ad,Player1,Far,,,,,,,,,,136,474,Down the Line,Backhand,,,,,,,,,,98,-250,,,,,,,,,,,,,,,,,,,,
0-15,0-0,1-0,,3511212,,,,,4,Deuce,Player1,Far,,,,,,,,,,101,-530,Crosscourt,Forehand,,,,,,,,,,-11,293,,,,,,,,,,,,,,,,,,,,
0-15,0-0,1-0,,3513110,1,,,,5,Deuce,Player1,Far,,,,,,,,,,-3,397,Down the Line,Forehand,,,,,,,,,,-120,-488,,,,,1,,,,,,,,,,,,,,,
0-30,0-0,1-0,1,3515660,1,,,,1,Deuce,Player1,Far,0,Body,74,-249,0,Body,77,-250,,,,,,,,,,,,,,,,,,,,,,,,,,,,,,,,,,,,
0-40,0-0,1-0,1,3555289,,,,,1,Ad,Player1,Far,1,T,-35,-233,,,,,,,,,,,,,,,,,,,,,,,,,,,,,,,,,,,,,,,,
0-40,0-0,1-0,,3578512,,,,,2,Ad,Player1,Far,,,,,,,,,,-40,-464,Down the Line,Forehand,1,,,,,,,,,-35,408,,,,,,,,,,,,,,,,,,,,
0-40,0-0,1-0,,3580890,,,,,3,Deuce,Player1,Far,,,,,,,,,,-6,472,Down the Line,Forehand,,,,,,,,,,-48,-298,,,,,,,,,,,,,,,,,,,,
0-40,0-0,1-0,,3581384,,,,,4,Ad,Player1,Far,,,,,,,,,,-48,-517,Crosscourt,Backhand,,,,,,,,,,58,354,,,,,,,,,,,,,,,,,,,,
0-40,0-0,1-0,,3582871,,,,,5,Ad,Player1,Far,,,,,,,,,,21,472,Crosscourt,Backhand,,,,,1,,,,,-142,-342,,,,,,,,,,,,,,,,,,,,
0-40,0-0,1-0,,3584439,,,,,6,Ad,Player1,Far,,,,,,,,,,-275,-511,Crosscourt,Backhand,,,,,,,,,,98,295,,,,,,,,,,,,,,,,,,,,
0-40,0-0,1-0,,3586457,,,,,7,Ad,Player1,Far,,,,,,,,,,154,438,Crosscourt,Backhand,,,,,,,,,,-94,-313,,,,,,,,,,,,,,,,,,,,
0-40,0-0,1-0,,3587479,,,,,8,Ad,Player1,Far,,,,,,,,,,-184,-500,Crosscourt,Backhand,,,,,,,,,,82,391,,,,,,,,,,,,,,,,,,,,
0-40,0-0,1-0,,3589449,,,,,9,Ad,Player1,Far,,,,,,,,,,29,470,Down the Line,Forehand,,,,,,,,,,61,-339,,,,,,,,,,,,,,,,,,,,
0-40,0-0,1-0,,3590106,1,,,,10,Deuce,Player1,Far,,,,,,,,,,24,-519,Crosscourt,Forehand,,,,,,,,,,-64,519,,,,,1,,,,,,,,,,,,,,,
15-40,0-0,1-0,1,3598907,,,,,1,Deuce,Player1,Far,1,Wide,152,-163,,,,,,,,,,,,,,,,,,,,,,,,,,,,,,,,,,,,,,,,
15-40,0-0,1-0,,3618133,1,,,,2,Deuce,Player1,Far,,,,,,,,,,218,-457,Crosscourt,Forehand,,,,,,,,,,-80,521,,,,,1,,,,,,,,,,,,,,,
30-40,0-0,1-0,1,3619811,1,,,,1,Ad,Player1,Far,0,Body,-91,-254,0,Body,-104,-252,,,,,,,,,,,,,,,,,,,,,,,,,,,,,,,,,,,,
0-0,0-1,1-0,1,3723064,,,,,1,Deuce,Player2,Far,1,Wide,133,-222,,,,,,,,,,,,,,,,,,,,,,,,,,,,,,,,,,,,,,,,
0-0,0-1,1-0,,3726799,,,,,2,Deuce,Player2,Far,,,,,,,,,,226,-457,Down the Line,Forehand,1,,,,,,,,,61,204,,,,,,,,,,,,,,,,,,,,
0-0,0-1,1-0,,3728757,1,,,,3,Ad,Player2,Far,,,,,,,,,,13,321,Crosscourt,Forehand,,,,,,,,,,-115,-233,1,,,,,,,,,,,,,,,,,,,
15-0,0-1,1-0,1,3729246,,,,,1,Ad,Player2,Far,1,Wide,-120,-230,,,,,,,,,,,,,,,,,,,,,,,,,,,,,,,,,,,,,,,,
15-0,0-1,1-0,,3764961,,,,,2,Ad,Player2,Far,,,,,,,,,,-139,-465,Down the Line,Backhand,,,,,,,,,,-94,399,,,,,,,,,,,,,,,,,,,,
15-0,0-1,1-0,,3766222,,,,,3,Deuce,Player2,Far,,,,,,,,,,-72,473,Crosscourt,Forehand,,,,,,,,,,29,-262,,,,,,,,,,,,,,,,,,,,
15-0,0-1,1-0,,3767497,,,,,4,Ad,Player2,Far,,,,,,,,,,-6,-500,Down the Line,Forehand,,,,,,,,,,-72,425,,,,,,,,,,,,,,,,,,,,
15-0,0-1,1-0,,3768703,,,,,5,Deuce,Player2,Far,,,,,,,,,,-88,499,Down the Line,Forehand,,,,,,,,,,-14,-201,,,,,,,,,,,,,,,,,,,,
15-0,0-1,1-0,,3770368,,,,,6,Ad,Player2,Far,,,,,,,,,,-24,-465,Down the Line,Forehand,,,,,,,,,,-54,412,,,,,,,,,,,,,,,,,,,,
15-0,0-1,1-0,,3771482,,,,,7,Deuce,Player2,Far,,,,,,,,,,-46,483,Down the Line,Forehand,,,,,,,,,,-51,-233,,,,,,,,,,,,,,,,,,,,
15-0,0-1,1-0,,3772936,,,,,8,Ad,Player2,Far,,,,,,,,,,-96,-479,Down the Line,Forehand,,,,,,,,,,-54,439,,,,,,,,,,,,,,,,,,,,
15-0,0-1,1-0,,3774002,,,,,9,Deuce,Player2,Far,,,,,,,,,,-30,504,Down the Line,Forehand,,,,,,,,,,-6,-382,,,,,,,,,,,,,,,,,,,,
15-0,0-1,1-0,,3775914,,,,,10,Ad,Player2,Far,,,,,,,,,,-40,-505,Crosscourt,Forehand,,,,,,,,,,138,452,,,,,,,,,,,,,,,,,,,,
15-0,0-1,1-0,,3777499,,,,,11,Ad,Player2,Far,,,,,,,,,,136,507,Crosscourt,Backhand,,,,,,,,,,-30,-230,,,,,,,,,,,,,,,,,,,,
15-0,0-1,1-0,,3779132,,,,,12,Ad,Player2,Far,,,,,,,,,,-102,-425,Down the Line,Forehand,,,,,,,,,,-48,417,,,,,,,,,,,,,,,,,,,,
15-0,0-1,1-0,,3780306,1,,,,13,Deuce,Player2,Far,,,,,,,,,,-8,502,Down the Line,Forehand,,,,,,,,,,-104,436,1,,,1,,,,,,,,,,,,,,,,
15-15,0-1,1-0,1,3806856,,,,,1,Deuce,Player2,Far,1,Body,70,-198,,,,,,,,,,,,,,,,,,,,,,,,,,,,,,,,,,,,,,,,
15-15,0-1,1-0,,3810451,,,,,2,Deuce,Player2,Far,,,,,,,,,,166,-479,Crosscourt,Forehand,,,,,,,,,,-23,444,,,,,,,,,,,,,,,,,,,,
15-15,0-1,1-0,,3811515,,,,,3,Deuce,Player2,Far,,,,,,,,,,-31,473,Crosscourt,Forehand,,,,,,,,,,7,-278,,,,,,,,,,,,,,,,,,,,
15-15,0-1,1-0,,3813389,,,,,4,Ad,Player2,Far,,,,,,,,,,-12,-489,Crosscourt,Forehand,,,,,,,,,,105,375,,,,,,,,,,,,,,,,,,,,
15-15,0-1,1-0,,3814298,,,,,5,Ad,Player2,Far,,,,,,,,,,84,502,Down the Line,Backhand,,,,,,,,,,28,-190,,,,,,,,,,,,,,,,,,,,
15-15,0-1,1-0,,3815982,,,,,6,Ad,Player2,Far,,,,,,,,,,-57,-471,Down the Line,Forehand,,,,,,,,,,-60,433,,,,,,,,,,,,,,,,,,,,
15-15,0-1,1-0,,3817192,,,,,7,Deuce,Player2,Far,,,,,,,,,,-57,502,Crosscourt,Forehand,,,,,,,,,,92,-118,,,,,,,,,,,,,,,,,,,,
15-15,0-1,1-0,,3818739,,,,,8,Deuce,Player2,Far,,,,,,,,,,150,-468,Crosscourt,Forehand,,,,,,,,,,-105,186,,,,,,,,,,,,,,,,,,,,
15-15,0-1,1-0,,3820450,1,,,,9,Deuce,Player2,Far,,,,,,,,,,-228,467,Down the Line,Forehand,,,,,,,,,,-73,2,,,,1,,,,,,,,,,,,,,,,
15-30,0-1,1-0,1,3820989,1,,,,1,Ad,Player2,Far,0,T,-44,-259,0,Wide,12,-191,,,,,,,,,,,,,,,,,,,,,,,,,,,,,,,,,,,,
15-40,0-1,1-0,1,3870914,,,,,1,Deuce,Player2,Far,1,Wide,116,-179,,,,,,,,,,,,,,,,,,,,,,,,,,,,,,,,,,,,,,,,
15-40,0-1,1-0,,3894531,,,,,2,Deuce,Player2,Far,,,,,,,,,,190,-465,Down the Line,Forehand,,,,,,,,,,44,441,,,,,,,,,,,,,,,,,,,,
15-40,0-1,1-0,,3896336,,,,,3,Ad,Player2,Far,,,,,,,,,,23,488,Crosscourt,Backhand,,,,,,,,,,-55,-211,,,,,,,,,,,,,,,,,,,,
15-40,0-1,1-0,,3897355,1,,,,4,Ad,Player2,Far,,,,,,,,,,-36,-465,Down the Line,Backhand,,,,,,,,,,-73,-14,,,,1,,,,,,,,,,,,,,,,
30-40,0-1,1-0,1,3898059,,,,,1,Ad,Player2,Far,0,T,9,-94,1,Body,-84,-124,,,,,,,,,,,,,,,,,,,,,,,,,,,,,,,,,,,,
30-40,0-1,1-0,,3932289,,,,,2,Ad,Player2,Far,,,,,,,,,,-95,-441,Crosscourt,Backhand,,,,,,,,,,9,431,,,,,,,,,,,,,,,,,,,,
30-40,0-1,1-0,,3933450,,,,,3,Ad,Player2,Far,,,,,,,,,,31,486,Crosscourt,Forehand,,,,,,,,,,-25,-283,,,,,,,,,,,,,,,,,,,,
30-40,0-1,1-0,,3935312,,,,,4,Ad,Player2,Far,,,,,,,,,,-49,-495,Down the Line,Backhand,,,,,,,,,,-25,428,,,,,,,,,,,,,,,,,,,,
30-40,0-1,1-0,,3936510,,,,,5,Deuce,Player2,Far,,,,,,,,,,-1,494,Crosscourt,Forehand,,,,,,,,,,20,-155,,,,,,,,,,,,,,,,,,,,
30-40,0-1,1-0,,3938317,,,,,6,Ad,Player2,Far,,,,,,,,,,-4,-372,Crosscourt,Forehand,,,,,,,,,,9,218,,,,,,,,,,,,,,,,,,,,
30-40,0-1,1-0,,3940637,1,,,,7,Ad,Player2,Far,,,,,,,,,,54,270,Crosscourt,Forehand,,,,1,1,,,,,-143,-395,1,,,,,,,,,,,,,,,,,,,
40-40,0-1,1-0,1,3941510,1,,,1,1,Deuce,Player2,Far,0,T,-76,228,0,T,-148,465,,,,,,,,,,,,,,,,,,,,,,,,,,,,,,,,,,,,
0-0,1-1,1-0,1,4016610,,,,,1,Deuce,Player1,Near,1,Body,-73,234,,,,,,,,,,,,,,,,,,,,,,,,,,,,,,,,,,,,,,,,
0-0,1-1,1-0,,4019384,,,,,2,Deuce,Player1,Near,,,,,,,,,,-148,470,Down the Line,Backhand,1,,,,,,,,,-9,-409,,,,,,,,,,,,,,,,,,,,
0-0,1-1,1-0,,4020965,,,,,3,Ad,Player1,Near,,,,,,,,,,-33,-501,Down the Line,Forehand,,,,,,,,,,-55,230,,,,,,,,,,,,,,,,,,,,
0-0,1-1,1-0,,4022606,,,,,4,Deuce,Player1,Near,,,,,,,,,,-60,477,Crosscourt,Forehand,,,,,,,,,,31,-155,,,,,,,,,,,,,,,,,,,,
0-0,1-1,1-0,,4024143,,,,,5,Deuce,Player1,Near,,,,,,,,,,47,-484,Down the Line,Forehand,,,,,,,,,,89,231,,,,,,,,,,,,,,,,,,,,
0-0,1-1,1-0,,4025637,,,,,6,Ad,Player1,Near,,,,,,,,,,31,480,Down the Line,Backhand,,,,,,,,,,20,-259,,,,,,,,,,,,,,,,,,,,
0-0,1-1,1-0,,4027039,1,,,,7,Ad,Player1,Near,,,,,,,,,,-71,-487,Down the Line,Forehand,,,,,,,,,,-81,-9,,,,1,,,,,,,,,,,,,,,,
0-15,1-1,1-0,1,4028025,,,,,1,Ad,Player1,Near,0,T,-17,2,1,Body,79,137,,,,,,,,,,,,,,,,,,,,,,,,,,,,,,,,,,,,
0-15,1-1,1-0,,4071529,,,,,2,Ad,Player1,Near,,,,,,,,,,127,483,Crosscourt,Forehand,1,,,,,,,,,-9,-270,,,,,,,,,,,,,,,,,,,,
0-15,1-1,1-0,,4073095,,,,,3,Ad,Player1,Near,,,,,,,,,,-73,-489,Crosscourt,Forehand,1,,,,,,,,,125,436,,,,,,,,,,,,,,,,,,,,
0-15,1-1,1-0,,4074528,,,,,4,Ad,Player1,Near,,,,,,,,,,130,491,Crosscourt,Backhand,,,,,,,,,,-43,-262,,,,,,,,,,,,,,,,,,,,
0-15,1-1,1-0,,4076145,1,,,,5,Ad,Player1,Near,,,,,,,,,,-91,-436,Down the Line,Forehand,,,,,,,,,,-139,401,1,,,,,,,,,,,,,,,,,,,
15-15,1-1,1-0,1,4077392,,,,,1,Deuce,Player1,Near,1,Wide,-127,226,,,,,,,,,,,,,,,,,,,,,,,,,,,,,,,,,,,,,,,,
15-15,1-1,1-0,,4104323,,,,,2,Deuce,Player1,Near,,,,,,,,,,-164,470,Crosscourt,Forehand,,,,,,,,,,12,-321,,,,,,,,,,,,,,,,,,,,
15-15,1-1,1-0,,4105850,,,,,3,Deuce,Player1,Near,,,,,,,,,,9,-476,Crosscourt,Forehand,,,,,,,,,,-71,322,,,,,,,,,,,,,,,,,,,,
15-15,1-1,1-0,,4107480,,,,,4,Deuce,Player1,Near,,,,,,,,,,-103,491,Crosscourt,Forehand,,,,,,,,,,76,-233,,,,,,,,,,,,,,,,,,,,
15-15,1-1,1-0,,4108889,1,,,,5,Deuce,Player1,Near,,,,,,,,,,70,-484,Crosscourt,Forehand,,,,,,,,,,-15,-1,,,,1,,,,,,,,,,,,,,,,
15-30,1-1,1-0,1,4111663,,,,,1,Ad,Player1,Near,0,Body,73,-1,1,Body,84,235,,,,,,,,,,,,,,,,,,,,,,,,,,,,,,,,,,,,
15-30,1-1,1-0,,4153954,,,,,2,Ad,Player1,Near,,,,,,,,,,76,441,Crosscourt,Backhand,,,,,,,,,,-44,-107,,,,,,,,,,,,,,,,,,,,
15-30,1-1,1-0,,4155484,,,,,3,Ad,Player1,Near,,,,,,,,,,-135,-433,Down the Line,Backhand,,,,,,,,,,-127,433,,,,,,,,,,,,,,,,,,,,
15-30,1-1,1-0,,4157012,,,,,4,Deuce,Player1,Near,,,,,,,,,,-132,488,Crosscourt,Forehand,,,,,,,,,,52,-379,,,,,,,,,,,,,,,,,,,,
15-30,1-1,1-0,,4158705,1,,,,5,Deuce,Player1,Near,,,,,,,,,,86,-503,Down the Line,Forehand,,,,,,,,,,52,505,,,,,1,,,,,,,,,,,,,,,
15-40,1-1,1-0,1,4164387,,,,,1,Deuce,Player1,Near,0,T,-36,2,1,Body,-73,203,,,,,,,,,,,,,,,,,,,,,,,,,,,,,,,,,,,,
15-40,1-1,1-0,,4204286,,,,,2,Deuce,Player1,Near,,,,,,,,,,-108,470,Crosscourt,Forehand,,,,,,,,,,94,-270,,,,,,,,,,,,,,,,,,,,
15-40,1-1,1-0,,4205747,,,,,3,Deuce,Player1,Near,,,,,,,,,,156,-487,Crosscourt,Forehand,,,,,,,,,,-28,417,,,,,,,,,,,,,,,,,,,,
15-40,1-1,1-0,,4207738,,,,,4,Deuce,Player1,Near,,,,,,,,,,-68,480,Crosscourt,Forehand,,,,,,,,,,54,-302,,,,,,,,,,,,,,,,,,,,
15-40,1-1,1-0,,4209013,,,,,5,Deuce,Player1,Near,,,,,,,,,,142,-500,Down the Line,Forehand,,,,,,,,,,113,369,,,,,,,,,,,,,,,,,,,,
15-40,1-1,1-0,,4210971,,,,,6,Ad,Player1,Near,,,,,,,,,,86,446,Down the Line,Backhand,1,,,,,,,,,94,-126,,,,,,,,,,,,,,,,,,,,
15-40,1-1,1-0,,4213074,1,,,,7,Deuce,Player1,Near,,,,,,,,,,62,-260,Down the Line,Forehand,,,,,,,,,,97,431,1,,,,,,,,,,,,,,,,,,,
30-40,1-1,1-0,1,4213970,,,,,1,Ad,Player1,Near,1,Wide,116,231,,,,,,,,,,,,,,,,,,,,,,,,,,,,,,,,,,,,,,,,
30-40,1-1,1-0,,4243338,,,,,2,Ad,Player1,Near,,,,,,,,,,140,478,Crosscourt,Backhand,,,,,,,,,,-9,-283,,,,,,,,,,,,,,,,,,,,
30-40,1-1,1-0,,4245037,,,,,3,Ad,Player1,Near,,,,,,,,,,-71,-508,Crosscourt,Forehand,,,,,,,,,,47,388,,,,,,,,,,,,,,,,,,,,
30-40,1-1,1-0,,4246511,,,,,4,Ad,Player1,Near,,,,,,,,,,52,504,Crosscourt,Backhand,,,,,,,,,,-4,-161,,,,,,,,,,,,,,,,,,,,
30-40,1-1,1-0,,4248587,,,,,5,Ad,Player1,Near,,,,,,,,,,-65,-356,Crosscourt,Forehand,,,,,,,,,,20,345,,,,,,,,,,,,,,,,,,,,
30-40,1-1,1-0,,4249790,1,,,,6,Ad,Player1,Near,,,,,,,,,,17,494,Crosscourt,Backhand,,,,,,,,,,-41,2,,,,1,,,,,,,,,,,,,,,,
40-40,1-1,1-0,1,4251214,,,,1,1,Deuce,Player1,Near,1,T,-15,178,,,,,,,,,,,,,,,,,,,,,,,,,,,,,,,,,,,,,,,,
40-40,1-1,1-0,,4283215,1,,,,2,Deuce,Player1,Near,,,,,,,,,,-105,483,Down the Line,Backhand,,,,,,,,,,-52,2,,,,1,,,,,,,,,,,,,,,,
0-0,2-1,1-0,1,4390915,1,,,,1,Deuce,Player2,Near,0,T,-36,276,0,Body,-76,-2,,,,,,,,,,,,,,,,,,,,,,,,,,,,,,,,,,,,
0-15,2-1,1-0,1,4408843,,,,,1,Ad,Player2,Near,1,Body,73,234,,,,,,,,,,,,,,,,,,,,,,,,,,,,,,,,,,,,,,,,
0-15,2-1,1-0,,4431979,,,,,2,Ad,Player2,Near,,,,,,,,,,54,475,Crosscourt,Backhand,,,,,,,,,,-52,-254,,,,,,,,,,,,,,,,,,,,
0-15,2-1,1-0,,4433058,,,,,3,Ad,Player2,Near,,,,,,,,,,-73,-489,Crosscourt,Backhand,,,,,,,,,,145,401,,,,,,,,,,,,,,,,,,,,
0-15,2-1,1-0,,4434787,,,,,4,Ad,Player2,Near,,,,,,,,,,172,502,Crosscourt,Backhand,,1,,,,,,1,,-23,-262,,,,,,,,,,,,,,,,,,,,
0-15,2-1,1-0,,4437232,,,,,5,Ad,Player2,Near,,,,,,,,,,-25,-279,Down the Line,Forehand,,,,,,,,,,-41,361,,,,,,,,,,,,,,,,,,,,
0-15,2-1,1-0,,4437976,,,,,6,Deuce,Player2,Near,,,,,,,,,,-31,539,Down the Line,Forehand,,1,,,,,,,,-17,-145,,,,,,,,,,,,,,,,,,,,
0-15,2-1,1-0,,4440430,1,,,,7,Ad,Player2,Near,,,,,,,,,,-28,-255,Crosscourt,Forehand,,,,,,,,,,28,-9,,,,1,,,,,,,,,,,,,,,,
0-30,2-1,1-0,1,4440431,,,,,1,Deuce,Player2,Near,1,Body,-71,226,,,,,,,,,,,,,,,,,,,,,,,,,,,,,,,,,,,,,,,,
0-30,2-1,1-0,,4471894,,,,,2,Deuce,Player2,Near,,,,,,,,,,-137,473,Down the Line,Forehand,,,,,,,,,,-76,-259,,,,,,,,,,,,,,,,,,,,
0-30,2-1,1-0,,4473083,,,,,3,Ad,Player2,Near,,,,,,,,,,-44,-468,Crosscourt,Backhand,,,,,,,,,,7,361,,,,,,,,,,,,,,,,,,,,
0-30,2-1,1-0,,4474333,,,,,4,Deuce,Player2,Near,,,,,,,,,,-9,475,Down the Line,Backhand,,,,,,,,,,-25,-393,,,,,,,,,,,,,,,,,,,,
0-30,2-1,1-0,,4475539,,,,,5,Ad,Player2,Near,,,,,,,,,,-17,-484,Crosscourt,Backhand,,,,,,,,,,65,340,,,,,,,,,,,,,,,,,,,,
0-30,2-1,1-0,,4477071,1,,,,6,Ad,Player2,Near,,,,,,,,,,97,483,Crosscourt,Backhand,,,,,,,,,,-33,-480,,,,,1,,,,,,,,,,,,,,,
15-30,2-1,1-0,1,4479255,,,,,1,Ad,Player2,Near,0,Body,94,-1,1,T,44,179,,,,,,,,,,,,,,,,,,,,,,,,,,,,,,,,,,,,
15-30,2-1,1-0,,4512904,,,,,2,Ad,Player2,Near,,,,,,,,,,108,467,Crosscourt,Forehand,,,,,,,,,,-76,-262,,,,,,,,,,,,,,,,,,,,
15-30,2-1,1-0,,4514629,1,,,,3,Ad,Player2,Near,,,,,,,,,,-233,-500,Crosscourt,Backhand,,,,,,,,,,73,-9,,,,1,,,,,,,,,,,,,,,,
15-40,2-1,1-0,1,4519018,,,,,1,Deuce,Player2,Near,0,Wide,-177,369,1,Body,-92,219,,,,,,,,,,,,,,,,,,,,,,,,,,,,,,,,,,,,
15-40,2-1,1-0,,4565943,,,,,2,Deuce,Player2,Near,,,,,,,,,,-156,473,Down the Line,Forehand,,,,,,,,,,-103,-262,,,,,,,,,,,,,,,,,,,,
15-40,2-1,1-0,,4567403,1,,,,3,Ad,Player2,Near,,,,,,,,,,-52,-487,Crosscourt,Backhand,,,,,,,,,,52,66,1,,,,,,,,,,,,,,,,,,,
30-40,2-1,1-0,1,4573633,,,,,1,Ad,Player2,Near,0,T,7,364,1,Body,65,233,,,,,,,,,,,,,,,,,,,,,,,,,,,,,,,,,,,,
30-40,2-1,1-0,,4617412,,,,,2,Ad,Player2,Near,,,,,,,,,,113,475,Crosscourt,Forehand,,,,,,,,,,-33,-345,,,,,,,,,,,,,,,,,,,,
30-40,2-1,1-0,,4618779,,,,,3,Ad,Player2,Near,,,,,,,,,,-68,-500,Crosscourt,Backhand,,,,,,,,,,118,407,,,,,,,,,,,,,,,,,,,,
30-40,2-1,1-0,,4620372,,,,,4,Ad,Player2,Near,,,,,,,,,,129,486,Crosscourt,Backhand,,,,,,,,,,-63,-315,,,,,,,,,,,,,,,,,,,,
30-40,2-1,1-0,,4621695,,,,,5,Ad,Player2,Near,,,,,,,,,,-113,-492,Crosscourt,Backhand,,,,,,,,,,4,404,,,,,,,,,,,,,,,,,,,,
30-40,2-1,1-0,,4623079,,,,,6,Ad,Player2,Near,,,,,,,,,,70,491,Crosscourt,Forehand,,,,,,,,,,-92,-211,,,,,,,,,,,,,,,,,,,,
30-40,2-1,1-0,,4624691,,,,,7,Ad,Player2,Near,,,,,,,,,,-169,-476,Down the Line,Backhand,,,,,,,,,,-33,282,,,,,,,,,,,,,,,,,,,,
30-40,2-1,1-0,,4625525,,,,,8,Ad,Player2,Near,,,,,,,,,,39,483,Down the Line,Forehand,,,,,,,,,,57,-275,,,,,,,,,,,,,,,,,,,,
30-40,2-1,1-0,,4627162,1,,,,9,Deuce,Player2,Near,,,,,,,,,,41,-481,Crosscourt,Forehand,,,,,,,,,,-169,428,,,1,,,,,,,,,,,,,,,,,
0-0,3-1,1-0,1,4665129,,,,,1,Deuce,Player1,Far,0,Wide,172,-241,1,Body,78,-172,,,,,,,,,,,,,,,,,,,,,,,,,,,,,,,,,,,,
0-0,3-1,1-0,,4678346,,,,,2,Deuce,Player1,Far,,,,,,,,,,94,-428,Crosscourt,Forehand,,,,,,,,,,-68,447,,,,,,,,,,,,,,,,,,,,
0-0,3-1,1-0,,4679185,,,,,3,Deuce,Player1,Far,,,,,,,,,,-84,475,Down the Line,Forehand,,,,,,,,,,-108,-267,,,,,,,,,,,,,,,,,,,,
0-0,3-1,1-0,,4680844,,,,,4,Ad,Player1,Far,,,,,,,,,,-95,-415,Crosscourt,Backhand,,,,,,,,,,52,425,,,,,,,,,,,,,,,,,,,,
0-0,3-1,1-0,,4682150,,,,,5,Ad,Player1,Far,,,,,,,,,,47,486,Crosscourt,Backhand,,,,,,,,,,-52,-262,,,,,,,,,,,,,,,,,,,,
0-0,3-1,1-0,,4683323,1,,,,6,Ad,Player1,Far,,,,,,,,,,-68,-468,Down the Line,Backhand,,,,,,,,,,-44,-9,,,,1,,,,,,,,,,,,,,,,
15-0,3-1,1-0,1,4684161,,,,,1,Ad,Player1,Far,1,Wide,-140,-150,,,,,,,,,,,,,,,,,,,,,,,,,,,,,,,,,,,,,,,,
15-0,3-1,1-0,,4707821,,,,,2,Ad,Player1,Far,,,,,,,,,,-164,-417,Crosscourt,Backhand,,,,,,,,,,140,372,,,,,,,,,,,,,,,,,,,,
15-0,3-1,1-0,,4709340,,,,,3,Ad,Player1,Far,,,,,,,,,,153,483,Crosscourt,Backhand,,,,,,,,,,-79,-307,,,,,,,,,,,,,,,,,,,,
15-0,3-1,1-0,,4710549,1,,,,4,Ad,Player1,Far,,,,,,,,,,-105,-423,Down the Line,Backhand,,,,,,,,,,-52,-1,,,,1,,,,,,,,,,,,,,,,
30-0,3-1,1-0,1,4711796,,,,,1,Deuce,Player1,Far,1,Body,52,-134,,,,,,,,,,,,,,,,,,,,,,,,,,,,,,,,,,,,,,,,
30-0,3-1,1-0,,4734680,,,,,2,Deuce,Player1,Far,,,,,,,,,,177,-465,Down the Line,Backhand,1,,,,,,,,,17,380,,,,,,,,,,,,,,,,,,,,
30-0,3-1,1-0,,4736460,,,,,3,Ad,Player1,Far,,,,,,,,,,25,443,Down the Line,Forehand,,,,,,,,,,28,-281,,,,,,,,,,,,,,,,,,,,
30-0,3-1,1-0,,4737388,1,,,,4,Deuce,Player1,Far,,,,,,,,,,41,-492,Crosscourt,Forehand,,,,,,,,,,-73,180,1,,,,,,,,,,,,,,,,,,,
30-15,3-1,1-0,1,4738115,,,,,1,Ad,Player1,Far,1,T,-44,-219,,,,,,,,,,,,,,,,,,,,,,,,,,,,,,,,,,,,,,,,
30-15,3-1,1-0,,4769870,,,,,2,Ad,Player1,Far,,,,,,,,,,-44,-415,Down the Line,Forehand,,,,,,,,,,-4,433,,,,,,,,,,,,,,,,,,,,
30-15,3-1,1-0,,4771984,,,,,3,Ad,Player1,Far,,,,,,,,,,23,486,Crosscourt,Forehand,,,,,,,,,,-105,-257,,,,,,,,,,,,,,,,,,,,
30-15,3-1,1-0,,4773731,,,,,4,Ad,Player1,Far,,,,,,,,,,-201,-497,Crosscourt,Backhand,,,,,,,,,,148,300,,,,,,,,,,,,,,,,,,,,
30-15,3-1,1-0,,4775286,,,,,5,Ad,Player1,Far,,,,,,,,,,172,470,Down the Line,Backhand,,,,,,,,,,86,-353,,,,,,,,,,,,,,,,,,,,
30-15,3-1,1-0,,4776623,,,,,6,Deuce,Player1,Far,,,,,,,,,,60,-495,Crosscourt,Forehand,,,,,,,,,,-17,138,,,,,,,,,,,,,,,,,,,,
30-15,3-1,1-0,,4777991,,,,,7,Deuce,Player1,Far,,,,,,,,,,-7,441,Down the Line,Forehand,,,,,,,,,,-84,-83,,,,,,,,,,,,,,,,,,,,
30-15,3-1,1-0,,4779932,1,,,,8,Ad,Player1,Far,,,,,,,,,,-81,-175,Down the Line,Forehand,,,,,,,,,,-25,-1,,,,1,,,,,,,,,,,,,,,,
40-15,3-1,1-0,1,4782292,,,,,1,Deuce,Player1,Far,0,Body,54,2,1,T,44,-159,,,,,,,,,,,,,,,,,,,,,,,,,,,,,,,,,,,,
40-15,3-1,1-0,,4819128,,,,,2,Deuce,Player1,Far,,,,,,,,,,70,-433,Crosscourt,Forehand,,,,,,,,,,-63,340,,,,,,,,,,,,,,,,,,,,
40-15,3-1,1-0,,4820329,1,,,,3,Deuce,Player1,Far,,,,,,,,,,-129,486,Down the Line,Forehand,,1,,,,,,,,-305,170,,1,,1,,,,,,,,,,,,,,,,
40-30,3-1,1-0,1,4828066,,,,,1,Ad,Player1,Far,1,T,-33,-134,,,,,,,,,,,,,,,,,,,,,,,,,,,,,,,,,,,,,,,,
40-30,3-1,1-0,,4866342,,,,,2,Ad,Player1,Far,,,,,,,,,,-52,-417,Crosscourt,Forehand,,,,,,,,,,9,401,,,,,,,,,,,,,,,,,,,,
40-30,3-1,1-0,,4867759,,,,,3,Ad,Player1,Far,,,,,,,,,,52,480,Down the Line,Forehand,,,,,,,,,,57,-297,,,,,,,,,,,,,,,,,,,,
40-30,3-1,1-0,,4868998,,,,,4,Deuce,Player1,Far,,,,,,,,,,28,-519,Crosscourt,Forehand,,,,,,,,,,-17,282,,,,,,,,,,,,,,,,,,,,
40-30,3-1,1-0,,4870455,,,,,5,Deuce,Player1,Far,,,,,,,,,,-7,483,Crosscourt,Forehand,,,,,,,,,,33,-347,,,,,,,,,,,,,,,,,,,,
40-30,3-1,1-0,,4871610,,,,,6,Deuce,Player1,Far,,,,,,,,,,7,-503,Crosscourt,Forehand,,,,,,,,,,-92,447,,,,,,,,,,,,,,,,,,,,
40-30,3-1,1-0,,4873708,,,,,7,Deuce,Player1,Far,,,,,,,,,,-159,542,Down the Line,Forehand,,,,,,,,,,-151,-294,,,,,,,,,,,,,,,,,,,,
40-30,3-1,1-0,,4875748,,,,,8,Ad,Player1,Far,,,,,,,,,,-148,-316,Crosscourt,Backhand,,,,,,,,,,60,364,,,,,,,,,,,,,,,,,,,,
40-30,3-1,1-0,,4876904,1,,,,9,Ad,Player1,Far,,,,,,,,,,84,478,Down the Line,Backhand,,,,,,,,,,182,-211,,,1,,,,,,,,,,,,,,,,,
40-40,3-1,1-0,1,4879528,,,,1,1,Ad,Player1,Far,1,Wide,-116,-121,,,,,,,,,,,,,,,,,,,,,,,,,,,,,,,,,,,,,,,,
40-40,3-1,1-0,,4912040,,,,,2,Ad,Player1,Far,,,,,,,,,,-169,-412,Crosscourt,Backhand,,,,,,,,,,84,231,,,,,,,,,,,,,,,,,,,,
40-40,3-1,1-0,,4913447,,,,,3,Ad,Player1,Far,,,,,,,,,,185,441,Crosscourt,Backhand,,,,,,,,,,-57,-331,,,,,,,,,,,,,,,,,,,,
40-40,3-1,1-0,,4915362,,,,,4,Ad,Player1,Far,,,,,,,,,,-95,-487,Down the Line,Backhand,,,,,,,,,,-105,385,,,,,,,,,,,,,,,,,,,,
40-40,3-1,1-0,,4917229,,,,,5,Deuce,Player1,Far,,,,,,,,,,-103,510,Down the Line,Forehand,,,,,,,,,,-84,-193,,,,,,,,,,,,,,,,,,,,
40-40,3-1,1-0,,4919437,,,,,6,Ad,Player1,Far,,,,,,,,,,-111,-529,Down the Line,Forehand,,,,,,,,,,-28,319,,,,,,,,,,,,,,,,,,,,
40-40,3-1,1-0,,4920889,,,,,7,Ad,Player1,Far,,,,,,,,,,17,488,Crosscourt,Forehand,,,,,,,,,,-95,-267,,,,,,,,,,,,,,,,,,,,
40-40,3-1,1-0,,4922357,,,,,8,Ad,Player1,Far,,,,,,,,,,-113,-505,Crosscourt,Backhand,,,,,,,,,,84,223,,,,,,,,,,,,,,,,,,,,
40-40,3-1,1-0,,4924005,,,,,9,Ad,Player1,Far,,,,,,,,,,142,475,Crosscourt,Backhand,,,,,,,,,,-124,-262,,,,,,,,,,,,,,,,,,,,
40-40,3-1,1-0,,4925361,,,,,10,Ad,Player1,Far,,,,,,,,,,-241,-471,Crosscourt,Backhand,,,,,,,,,,126,351,,,,,,,,,,,,,,,,,,,,
40-40,3-1,1-0,,4927029,,,,,11,Ad,Player1,Far,,,,,,,,,,153,480,Down the Line,Backhand,,,,,,,,,,60,-337,,,,,,,,,,,,,,,,,,,,
40-40,3-1,1-0,,4928376,1,,,,12,Deuce,Player1,Far,,,,,,,,,,70,-495,Crosscourt,Forehand,,,,,,,,,,-60,-14,,,,1,,,,,,,,,,,,,,,,
0-0,4-1,1-0,1,5046387,,,,,1,Deuce,Player2,Far,0,Body,60,-256,1,Body,57,-142,,,,,,,,,,,,,,,,,,,,,,,,,,,,,,,,,,,,
0-0,4-1,1-0,,5062327,NA,NA,NA,NA,2,Deuce,Player2,Far,NA,NA,NA,NA,NA,NA,NA,NA,NA,117,-472,Crosscourt,Forehand,NA,NA,NA,NA,NA,NA,NA,NA,NA,-62,408,NA,NA,NA,NA,NA,NA,NA,NA,NA,NA,NA,NA,NA,NA,NA,NA,NA,NA,NA,NA
0-0,4-1,1-0,NA,5063881,NA,NA,NA,NA,3,Deuce,Player2,Far,NA,NA,NA,NA,NA,NA,NA,NA,NA,-91,480,Crosscourt,Forehand,NA,NA,NA,NA,NA,NA,NA,NA,NA,18,-232,NA,NA,NA,NA,NA,NA,NA,NA,NA,NA,NA,NA,NA,NA,NA,NA,NA,NA,NA,NA
0-0,4-1,1-0,NA,5064515,NA,NA,NA,NA,4,Deuce,Player2,Far,NA,NA,NA,NA,NA,NA,NA,NA,NA,26,-493,Down the Line,Forehand,NA,NA,NA,NA,NA,NA,NA,NA,NA,101,334,NA,NA,NA,NA,NA,NA,NA,NA,NA,NA,NA,NA,NA,NA,NA,NA,NA,NA,NA,NA
0-0,4-1,1-0,NA,5065822,NA,NA,NA,NA,5,Ad,Player2,Far,NA,NA,NA,NA,NA,NA,NA,NA,NA,82,482,Crosscourt,Backhand,NA,NA,NA,NA,NA,NA,NA,NA,NA,-51,-224,NA,NA,NA,NA,NA,NA,NA,NA,NA,NA,NA,NA,NA,NA,NA,NA,NA,NA,NA,NA
0-0,4-1,1-0,NA,5067423,NA,NA,NA,NA,6,Ad,Player2,Far,NA,NA,NA,NA,NA,NA,NA,NA,NA,-70,-506,Down the Line,Backhand,NA,NA,NA,NA,NA,NA,NA,NA,NA,-54,293,NA,NA,NA,NA,NA,NA,NA,NA,NA,NA,NA,NA,NA,NA,NA,NA,NA,NA,NA,NA
0-0,4-1,1-0,NA,5068837,NA,NA,NA,NA,7,Deuce,Player2,Far,NA,NA,NA,NA,NA,NA,NA,NA,NA,-19,498,Down the Line,Forehand,NA,NA,NA,NA,NA,NA,NA,NA,NA,-64,-288,NA,NA,NA,NA,NA,NA,NA,NA,NA,NA,NA,NA,NA,NA,NA,NA,NA,NA,NA,NA
0-0,4-1,1-0,NA,5070127,1,NA,NA,,8,Ad,Player2,Far,NA,NA,NA,NA,NA,NA,NA,NA,NA,-59,-514,Down the Line,Backhand,NA,NA,NA,NA,NA,NA,NA,NA,NA,-30,0,NA,NA,NA,1,NA,NA,NA,NA,NA,NA,NA,NA,NA,NA,NA,NA,NA,NA,NA,NA
15-0,4-1,1-0,1,5071335,NA,NA,NA,NA,1,Ad,Player2,Far,1,Wide,-115,-161,NA,NA,NA,NA,NA,NA,NA,NA,NA,NA,NA,NA,NA,NA,NA,NA,NA,NA,NA,NA,NA,NA,NA,NA,NA,NA,NA,NA,NA,NA,NA,NA,NA,NA,NA,NA,NA,NA,NA,NA
15-0,4-1,1-0,NA,5098711,NA,NA,NA,NA,2,Ad,Player2,Far,NA,NA,NA,NA,NA,NA,NA,NA,NA,-163,-538,Down the Line,Backhand,NA,NA,NA,NA,NA,NA,NA,NA,NA,-16,232,NA,NA,NA,NA,NA,NA,NA,NA,NA,NA,NA,NA,NA,NA,NA,NA,NA,NA,NA,NA
15-0,4-1,1-0,NA,5101210,NA,NA,NA,NA,3,Ad,Player2,Far,NA,NA,NA,NA,NA,NA,NA,NA,NA,24,472,Crosscourt,Backhand,NA,NA,NA,NA,NA,NA,NA,NA,NA,-38,-309,NA,NA,NA,NA,NA,NA,NA,NA,NA,NA,NA,NA,NA,NA,NA,NA,NA,NA,NA,NA
15-0,4-1,1-0,NA,5101521,NA,NA,NA,NA,4,Ad,Player2,Far,NA,NA,NA,NA,NA,NA,NA,NA,NA,-27,-533,Down the Line,Backhand,NA,NA,NA,NA,NA,NA,NA,NA,NA,-40,317,NA,NA,NA,NA,NA,NA,NA,NA,NA,NA,NA,NA,NA,NA,NA,NA,NA,NA,NA,NA
15-0,4-1,1-0,NA,5102976,NA,NA,NA,NA,5,Ad,Player2,Far,NA,NA,NA,NA,NA,NA,NA,NA,NA,13,485,Crosscourt,Forehand,NA,NA,NA,NA,NA,NA,NA,NA,NA,-67,-306,NA,NA,NA,NA,NA,NA,NA,NA,NA,NA,NA,NA,NA,NA,NA,NA,NA,NA,NA,NA
15-0,4-1,1-0,NA,5104246,NA,NA,NA,NA,6,Ad,Player2,Far,NA,NA,NA,NA,NA,NA,NA,NA,NA,-72,-530,Down the Line,Backhand,NA,NA,NA,NA,NA,NA,NA,NA,NA,-22,445,NA,NA,NA,NA,NA,NA,NA,NA,NA,NA,NA,NA,NA,NA,NA,NA,NA,NA,NA,NA
15-0,4-1,1-0,NA,5105809,NA,NA,NA,NA,7,Ad,Player2,Far,NA,NA,NA,NA,NA,NA,NA,NA,NA,24,570,Crosscourt,Forehand,NA,NA,NA,NA,NA,NA,NA,NA,NA,-24,-349,NA,NA,NA,NA,NA,NA,NA,NA,NA,NA,NA,NA,NA,NA,NA,NA,NA,NA,NA,NA
15-0,4-1,1-0,NA,5107350,NA,NA,NA,NA,8,Ad,Player2,Far,NA,NA,NA,NA,NA,NA,NA,NA,NA,-62,-573,Crosscourt,Forehand,NA,NA,NA,NA,NA,NA,NA,NA,NA,112,336,NA,NA,NA,NA,NA,NA,NA,NA,NA,NA,NA,NA,NA,NA,NA,NA,NA,NA,NA,NA
15-0,4-1,1-0,NA,5109022,NA,NA,NA,NA,9,Ad,Player2,Far,NA,NA,NA,NA,NA,NA,NA,NA,NA,117,557,Crosscourt,Backhand,NA,NA,NA,NA,NA,NA,NA,NA,NA,-19,-328,NA,NA,NA,NA,NA,NA,NA,NA,NA,NA,NA,NA,NA,NA,NA,NA,NA,NA,NA,NA
15-0,4-1,1-0,NA,5111115,NA,NA,NA,NA,10,Ad,Player2,Far,NA,NA,NA,NA,NA,NA,NA,NA,NA,-112,-544,Crosscourt,Forehand,NA,NA,NA,NA,NA,NA,NA,NA,NA,85,365,NA,NA,NA,NA,NA,NA,NA,NA,NA,NA,NA,NA,NA,NA,NA,NA,NA,NA,NA,NA
15-0,4-1,1-0,NA,5112454,NA,NA,NA,NA,11,Ad,Player2,Far,NA,NA,NA,NA,NA,NA,NA,NA,NA,74,493,Crosscourt,Backhand,NA,NA,NA,NA,NA,NA,NA,NA,NA,-72,-232,NA,NA,NA,NA,NA,NA,NA,NA,NA,NA,NA,NA,NA,NA,NA,NA,NA,NA,NA,NA
15-0,4-1,1-0,NA,5113987,NA,NA,NA,NA,12,Ad,Player2,Far,NA,NA,NA,NA,NA,NA,NA,NA,NA,-126,-509,Crosscourt,Backhand,NA,NA,NA,NA,NA,NA,NA,NA,NA,53,338,NA,NA,NA,NA,NA,NA,NA,NA,NA,NA,NA,NA,NA,NA,NA,NA,NA,NA,NA,NA
15-0,4-1,1-0,NA,5115031,NA,NA,NA,NA,13,Ad,Player2,Far,NA,NA,NA,NA,NA,NA,NA,NA,NA,72,485,Down the Line,Backhand,NA,NA,NA,NA,NA,NA,NA,NA,NA,90,-285,NA,NA,NA,NA,NA,NA,NA,NA,NA,NA,NA,NA,NA,NA,NA,NA,NA,NA,NA,NA
15-0,4-1,1-0,NA,5116366,NA,NA,NA,NA,14,Deuce,Player2,Far,NA,NA,NA,NA,NA,NA,NA,NA,NA,80,-525,Crosscourt,Forehand,NA,NA,NA,NA,NA,NA,NA,NA,NA,-56,373,NA,NA,NA,NA,NA,NA,NA,NA,NA,NA,NA,NA,NA,NA,NA,NA,NA,NA,NA,NA
15-0,4-1,1-0,NA,5117953,NA,NA,NA,NA,15,Deuce,Player2,Far,NA,NA,NA,NA,NA,NA,NA,NA,NA,-88,549,Down the Line,Forehand,NA,NA,NA,NA,NA,NA,NA,NA,NA,-38,-357,NA,NA,NA,NA,NA,NA,NA,NA,NA,NA,NA,NA,NA,NA,NA,NA,NA,NA,NA,NA
15-0,4-1,1-0,NA,5119242,NA,NA,NA,NA,16,Deuce,Player2,Far,NA,NA,NA,NA,NA,NA,NA,NA,NA,10,-546,Crosscourt,Backhand,NA,NA,NA,NA,NA,NA,NA,NA,NA,-27,402,NA,NA,NA,NA,NA,NA,NA,NA,NA,NA,NA,NA,NA,NA,NA,NA,NA,NA,NA,NA
15-0,4-1,1-0,NA,5120914,NA,NA,NA,NA,17,Ad,Player2,Far,NA,NA,NA,NA,NA,NA,NA,NA,NA,16,565,Crosscourt,Forehand,NA,NA,NA,NA,NA,NA,NA,NA,NA,-46,-285,NA,NA,NA,NA,NA,NA,NA,NA,NA,NA,NA,NA,NA,NA,NA,NA,NA,NA,NA,NA
15-0,4-1,1-0,NA,5122209,1,NA,NA,NA,18,Ad,Player2,Far,NA,NA,NA,NA,NA,NA,NA,NA,NA,-30,-538,Crosscourt,Backhand,NA,NA,NA,NA,NA,NA,NA,NA,NA,130,517,NA,NA,NA,NA,1,NA,NA,NA,NA,NA,NA,NA,NA,NA,NA,NA,NA,NA,NA,NA
30-0,4-1,1-0,1,5123888,NA,NA,NA,NA,1,Deuce,Player2,Far,1,Body,50,-233,NA,NA,NA,NA,NA,NA,NA,NA,NA,NA,NA,NA,NA,NA,NA,NA,NA,NA,NA,NA,NA,NA,NA,NA,NA,NA,NA,NA,NA,NA,NA,NA,NA,NA,NA,NA,NA,NA,NA,NA
30-0,4-1,1-0,NA,5150812,NA,NA,NA,NA,2,Deuce,Player2,Far,NA,NA,NA,NA,NA,NA,NA,NA,NA,178,-514,Down the Line,Backhand,NA,NA,NA,NA,NA,NA,NA,NA,NA,32,389,NA,NA,NA,NA,NA,NA,NA,NA,NA,NA,NA,NA,NA,NA,NA,NA,NA,NA,NA,NA
30-0,4-1,1-0,NA,5152524,1,NA,NA,NA,3,Deuce,Player2,Far,NA,NA,NA,NA,NA,NA,NA,NA,NA,-30,482,Crosscourt,Backhand,NA,NA,NA,NA,NA,NA,NA,NA,NA,32,3,NA,NA,NA,1,NA,NA,NA,NA,NA,NA,NA,NA,NA,NA,NA,NA,NA,NA,NA,NA
30-15,4-1,1-0,1,5152525,NA,NA,NA,NA,1,Ad,Player2,Far,1,Wide,-123,-151,NA,NA,NA,NA,NA,NA,NA,NA,NA,NA,NA,NA,NA,NA,NA,NA,NA,NA,NA,NA,NA,NA,NA,NA,NA,NA,NA,NA,NA,NA,NA,NA,NA,NA,NA,NA,NA,NA,NA,NA
30-15,4-1,1-0,NA,5177456,NA,NA,NA,NA,2,Ad,Player2,Far,NA,NA,NA,NA,NA,NA,NA,NA,NA,-139,-488,Crosscourt,Backhand,NA,NA,NA,NA,NA,NA,NA,NA,NA,32,381,NA,NA,NA,NA,NA,NA,NA,NA,NA,NA,NA,NA,NA,NA,NA,NA,NA,NA,NA,NA
30-15,4-1,1-0,NA,5179350,NA,NA,NA,NA,3,Ad,Player2,Far,NA,NA,NA,NA,NA,NA,NA,NA,NA,45,477,Down the Line,Backhand,NA,NA,NA,NA,NA,NA,NA,NA,NA,74,-400,NA,NA,NA,NA,NA,NA,NA,NA,NA,NA,NA,NA,NA,NA,NA,NA,NA,NA,NA,NA
30-15,4-1,1-0,NA,5181446,NA,NA,NA,NA,4,Deuce,Player2,Far,NA,NA,NA,NA,NA,NA,NA,NA,NA,112,-610,Down the Line,Forehand,NA,NA,NA,NA,NA,NA,NA,NA,1,56,365,NA,NA,NA,NA,NA,NA,NA,NA,NA,NA,NA,NA,NA,NA,NA,NA,NA,NA,NA,NA
30-15,4-1,1-0,NA,5183368,NA,NA,NA,NA,5,Ad,Player2,Far,NA,NA,NA,NA,NA,NA,NA,NA,NA,93,560,Crosscourt,Forehand,NA,NA,NA,NA,NA,NA,NA,NA,NA,-46,-314,NA,NA,NA,NA,NA,NA,NA,NA,NA,NA,NA,NA,NA,NA,NA,NA,NA,NA,NA,NA
30-15,4-1,1-0,NA,5185190,NA,NA,NA,NA,6,Ad,Player2,Far,NA,NA,NA,NA,NA,NA,NA,NA,NA,-78,-541,Crosscourt,Backhand,NA,NA,NA,NA,NA,NA,NA,NA,NA,8,229,NA,NA,NA,NA,NA,NA,NA,NA,NA,NA,NA,NA,NA,NA,NA,NA,NA,NA,NA,NA
30-15,4-1,1-0,NA,5186573,NA,NA,NA,NA,7,Ad,Player2,Far,NA,NA,NA,NA,NA,NA,NA,NA,NA,85,472,Crosscourt,Forehand,NA,NA,NA,NA,NA,NA,NA,NA,NA,-72,-290,NA,NA,NA,NA,NA,NA,NA,NA,NA,NA,NA,NA,NA,NA,NA,NA,NA,NA,NA,NA
30-15,4-1,1-0,NA,5188052,NA,NA,NA,NA,8,Ad,Player2,Far,NA,NA,NA,NA,NA,NA,NA,NA,NA,-128,-496,Down the Line,Backhand,NA,NA,NA,NA,NA,NA,NA,NA,NA,-112,397,NA,NA,NA,NA,NA,NA,NA,NA,NA,NA,NA,NA,NA,NA,NA,NA,NA,NA,NA,NA
30-15,4-1,1-0,NA,5189857,NA,NA,NA,NA,9,Deuce,Player2,Far,NA,NA,NA,NA,NA,NA,NA,NA,NA,-107,509,Crosscourt,Forehand,1,NA,NA,NA,NA,NA,NA,NA,NA,85,-298,NA,NA,NA,NA,NA,NA,NA,NA,NA,NA,NA,NA,NA,NA,NA,NA,NA,NA,NA,NA
30-15,4-1,1-0,NA,5191340,NA,NA,NA,NA,10,Deuce,Player2,Far,NA,NA,NA,NA,NA,NA,NA,NA,NA,90,-456,Crosscourt,Forehand,NA,NA,NA,NA,NA,NA,NA,NA,NA,-118,253,NA,NA,NA,NA,NA,NA,NA,NA,NA,NA,NA,NA,NA,NA,NA,NA,NA,NA,NA,NA
30-15,4-1,1-0,NA,5193609,NA,NA,NA,NA,11,Deuce,Player2,Far,NA,NA,NA,NA,NA,NA,NA,NA,NA,-227,509,Down the Line,Forehand,NA,NA,NA,NA,NA,NA,NA,NA,NA,-64,-232,NA,NA,NA,NA,NA,NA,NA,NA,NA,NA,NA,NA,NA,NA,NA,NA,NA,NA,NA,NA
30-15,4-1,1-0,NA,5194760,1,NA,NA,NA,12,Ad,Player2,Far,NA,NA,NA,NA,NA,NA,NA,NA,NA,-86,-477,Crosscourt,Forehand,NA,NA,NA,NA,NA,NA,NA,NA,NA,165,424,NA,1,NA,NA,NA,NA,NA,NA,NA,NA,NA,NA,NA,NA,NA,NA,NA,NA,NA,NA
40-15,4-1,1-0,1,5196409,NA,NA,NA,NA,1,Deuce,Player2,Far,0,T,48,-1,1,Body,85,-147,NA,NA,NA,NA,NA,NA,NA,NA,NA,NA,NA,NA,NA,NA,NA,NA,NA,NA,NA,NA,NA,NA,NA,NA,NA,NA,NA,NA,NA,NA,NA,NA,NA,NA,NA,NA
40-15,4-1,1-0,NA,5245553,1,NA,NA,NA,2,Deuce,Player2,Far,NA,NA,NA,NA,NA,NA,NA,NA,NA,120,-437,Down the Line,Forehand,NA,NA,NA,NA,NA,NA,NA,NA,NA,141,429,1,NA,NA,NA,NA,NA,NA,NA,NA,NA,NA,NA,NA,NA,NA,NA,NA,NA,NA,NA
40-30,4-1,1-0,1,5246897,NA,NA,NA,NA,1,Ad,Player2,Far,1,Body,-86,-217,NA,NA,NA,NA,NA,NA,NA,NA,NA,NA,NA,NA,NA,NA,NA,NA,NA,NA,NA,NA,NA,NA,NA,NA,NA,NA,NA,NA,NA,NA,NA,NA,NA,NA,NA,NA,NA,NA,NA,NA
40-30,4-1,1-0,NA,5272431,NA,NA,NA,NA,2,Ad,Player2,Far,NA,NA,NA,NA,NA,NA,NA,NA,NA,-91,-522,Down the Line,Backhand,NA,NA,NA,NA,NA,NA,NA,NA,NA,-56,373,NA,NA,NA,NA,NA,NA,NA,NA,NA,NA,NA,NA,NA,NA,NA,NA,NA,NA,NA,NA
40-30,4-1,1-0,NA,5273491,NA,NA,NA,NA,3,Deuce,Player2,Far,NA,NA,NA,NA,NA,NA,NA,NA,NA,-19,522,Down the Line,Forehand,NA,NA,NA,NA,NA,NA,NA,NA,NA,-70,-290,NA,NA,NA,NA,NA,NA,NA,NA,NA,NA,NA,NA,NA,NA,NA,NA,NA,NA,NA,NA
40-30,4-1,1-0,NA,5274886,NA,NA,NA,NA,4,Ad,Player2,Far,NA,NA,NA,NA,NA,NA,NA,NA,NA,-64,-522,Down the Line,Backhand,NA,NA,NA,NA,NA,NA,NA,NA,NA,-67,341,NA,NA,NA,NA,NA,NA,NA,NA,NA,NA,NA,NA,NA,NA,NA,NA,NA,NA,NA,NA
40-30,4-1,1-0,NA,5276371,NA,NA,NA,NA,5,Deuce,Player2,Far,NA,NA,NA,NA,NA,NA,NA,NA,NA,-51,533,Crosscourt,Forehand,NA,NA,NA,NA,NA,NA,NA,NA,NA,29,-301,NA,NA,NA,NA,NA,NA,NA,NA,NA,NA,NA,NA,NA,NA,NA,NA,NA,NA,NA,NA
40-30,4-1,1-0,NA,5277804,NA,NA,NA,NA,6,Deuce,Player2,Far,NA,NA,NA,NA,NA,NA,NA,NA,NA,74,-562,Crosscourt,Forehand,NA,NA,NA,NA,NA,NA,NA,NA,NA,-67,370,NA,NA,NA,NA,NA,NA,NA,NA,NA,NA,NA,NA,NA,NA,NA,NA,NA,NA,NA,NA
40-30,4-1,1-0,NA,5279807,NA,NA,NA,NA,7,Deuce,Player2,Far,NA,NA,NA,NA,NA,NA,NA,NA,NA,-83,554,Down the Line,Forehand,NA,NA,NA,NA,NA,NA,NA,NA,NA,-86,-139,NA,NA,NA,NA,NA,NA,NA,NA,NA,NA,NA,NA,NA,NA,NA,NA,NA,NA,NA,NA
40-30,4-1,1-0,NA,5281313,NA,NA,NA,NA,8,Ad,Player2,Far,NA,NA,NA,NA,NA,NA,NA,NA,NA,-48,-429,Crosscourt,Backhand,NA,NA,NA,NA,NA,NA,NA,NA,NA,82,368,NA,NA,NA,NA,NA,NA,NA,NA,NA,NA,NA,NA,NA,NA,NA,NA,NA,NA,NA,NA
40-30,4-1,1-0,NA,5282741,NA,NA,NA,NA,9,Ad,Player2,Far,NA,NA,NA,NA,NA,NA,NA,NA,NA,104,514,Down the Line,Forehand,NA,NA,NA,NA,NA,NA,NA,NA,NA,18,-240,NA,NA,NA,NA,NA,NA,NA,NA,NA,NA,NA,NA,NA,NA,NA,NA,NA,NA,NA,NA
40-30,4-1,1-0,NA,5283871,1,NA,NA,NA,10,Ad,Player2,Far,NA,NA,NA,NA,NA,NA,NA,NA,NA,-62,-480,Down the Line,Forehand,NA,NA,NA,NA,NA,NA,NA,NA,NA,-88,0,NA,NA,NA,1,NA,NA,NA,NA,NA,NA,NA,NA,NA,NA,NA,NA,NA,NA,NA,NA
0-0,4-2,1-0,1,5311381,NA,NA,NA,NA,1,Deuce,Player1,Near,0,Body,-91,270,1,T,-38,224,NA,NA,NA,NA,NA,NA,NA,NA,NA,NA,NA,NA,NA,NA,NA,NA,NA,NA,NA,NA,NA,NA,NA,NA,NA,NA,NA,NA,NA,NA,NA,NA,NA,NA,NA,NA
0-0,4-2,1-0,NA,5346941,NA,NA,NA,NA,2,Deuce,Player1,Near,NA,NA,NA,NA,NA,NA,NA,NA,NA,-46,480,Crosscourt,Forehand,NA,NA,NA,NA,NA,NA,NA,NA,NA,34,-357,NA,NA,NA,NA,NA,NA,NA,NA,NA,NA,NA,NA,NA,NA,NA,NA,NA,NA,NA,NA
0-0,4-2,1-0,NA,5347955,NA,NA,NA,NA,3,Deuce,Player1,Near,NA,NA,NA,NA,NA,NA,NA,NA,NA,32,-557,Down the Line,Forehand,NA,NA,NA,NA,NA,NA,NA,NA,NA,53,344,NA,NA,NA,NA,NA,NA,NA,NA,NA,NA,NA,NA,NA,NA,NA,NA,NA,NA,NA,NA
0-0,4-2,1-0,NA,5349730,NA,NA,NA,NA,4,Ad,Player1,Near,NA,NA,NA,NA,NA,NA,NA,NA,NA,61,544,Crosscourt,Forehand,NA,NA,NA,NA,NA,NA,NA,NA,NA,-54,-277,NA,NA,NA,NA,NA,NA,NA,NA,NA,NA,NA,NA,NA,NA,NA,NA,NA,NA,NA,NA
0-0,4-2,1-0,NA,5351132,NA,NA,NA,NA,5,Ad,Player1,Near,NA,NA,NA,NA,NA,NA,NA,NA,NA,-83,-514,Crosscourt,Backhand,NA,NA,NA,NA,NA,NA,NA,NA,NA,34,293,NA,NA,NA,NA,NA,NA,NA,NA,NA,NA,NA,NA,NA,NA,NA,NA,NA,NA,NA,NA
0-0,4-2,1-0,NA,5352410,NA,NA,NA,NA,6,Ad,Player1,Near,NA,NA,NA,NA,NA,NA,NA,NA,NA,37,490,Down the Line,Backhand,NA,NA,NA,NA,NA,NA,NA,NA,NA,10,-330,NA,NA,NA,NA,NA,NA,NA,NA,NA,NA,NA,NA,NA,NA,NA,NA,NA,NA,NA,NA
0-0,4-2,1-0,NA,5353753,NA,NA,NA,NA,7,Ad,Player1,Near,NA,NA,NA,NA,NA,NA,NA,NA,NA,-62,-533,Crosscourt,Forehand,NA,NA,NA,NA,NA,NA,NA,NA,NA,136,400,NA,NA,NA,NA,NA,NA,NA,NA,NA,NA,NA,NA,NA,NA,NA,NA,NA,NA,NA,NA
0-0,4-2,1-0,NA,5355118,NA,NA,NA,NA,8,Ad,Player1,Near,NA,NA,NA,NA,NA,NA,NA,NA,NA,149,517,Down the Line,Backhand,NA,NA,NA,NA,NA,NA,NA,NA,NA,125,-309,NA,NA,NA,NA,NA,NA,NA,NA,NA,NA,NA,NA,NA,NA,NA,NA,NA,NA,NA,NA
0-0,4-2,1-0,NA,5356662,NA,NA,NA,NA,9,Deuce,Player1,Near,NA,NA,NA,NA,NA,NA,NA,NA,NA,77,-482,Crosscourt,Forehand,NA,NA,NA,NA,NA,NA,NA,NA,NA,-86,341,NA,NA,NA,NA,NA,NA,NA,NA,NA,NA,NA,NA,NA,NA,NA,NA,NA,NA,NA,NA
0-0,4-2,1-0,NA,5358146,NA,NA,NA,NA,10,Deuce,Player1,Near,NA,NA,NA,NA,NA,NA,NA,NA,NA,-173,512,Down the Line,Forehand,NA,NA,NA,NA,NA,NA,NA,NA,NA,-59,-296,NA,NA,NA,NA,NA,NA,NA,NA,NA,NA,NA,NA,NA,NA,NA,NA,NA,NA,NA,NA
0-0,4-2,1-0,NA,5359481,NA,NA,NA,NA,11,Ad,Player1,Near,NA,NA,NA,NA,NA,NA,NA,NA,NA,-6,-517,Crosscourt,Backhand,NA,NA,NA,NA,NA,NA,NA,NA,NA,29,381,NA,NA,NA,NA,NA,NA,NA,NA,NA,NA,NA,NA,NA,NA,NA,NA,NA,NA,NA,NA
0-0,4-2,1-0,NA,5360871,NA,NA,NA,NA,12,Ad,Player1,Near,NA,NA,NA,NA,NA,NA,NA,NA,NA,40,496,Crosscourt,Backhand,NA,NA,NA,NA,NA,NA,NA,NA,NA,-14,-221,NA,NA,NA,NA,NA,NA,NA,NA,NA,NA,NA,NA,NA,NA,NA,NA,NA,NA,NA,NA
0-0,4-2,1-0,NA,5361906,NA,NA,NA,NA,13,Ad,Player1,Near,NA,NA,NA,NA,NA,NA,NA,NA,NA,-80,-485,Down the Line,Forehand,NA,NA,NA,NA,NA,NA,NA,NA,NA,-91,266,NA,NA,NA,NA,NA,NA,NA,NA,NA,NA,NA,NA,NA,NA,NA,NA,NA,NA,NA,NA
0-0,4-2,1-0,NA,5363239,NA,NA,NA,NA,14,Deuce,Player1,Near,NA,NA,NA,NA,NA,NA,NA,NA,NA,-104,493,Crosscourt,Forehand,NA,NA,NA,NA,NA,NA,NA,NA,NA,104,-216,NA,NA,NA,NA,NA,NA,NA,NA,NA,NA,NA,NA,NA,NA,NA,NA,NA,NA,NA,NA
0-0,4-2,1-0,NA,5364636,NA,NA,NA,NA,15,Deuce,Player1,Near,NA,NA,NA,NA,NA,NA,NA,NA,NA,141,-477,Crosscourt,Forehand,NA,NA,NA,NA,NA,NA,NA,NA,NA,-142,187,NA,NA,NA,NA,NA,NA,NA,NA,NA,NA,NA,NA,NA,NA,NA,NA,NA,NA,NA,NA
0-0,4-2,1-0,NA,5366862,NA,NA,NA,NA,16,Deuce,Player1,Near,NA,NA,NA,NA,NA,NA,NA,NA,NA,-336,461,Down the Line,Forehand,NA,NA,NA,NA,NA,NA,NA,NA,NA,-102,-288,NA,NA,NA,NA,NA,NA,NA,NA,NA,NA,NA,NA,NA,NA,NA,NA,NA,NA,NA,NA
0-0,4-2,1-0,NA,5367887,1,NA,NA,NA,17,Ad,Player1,Near,NA,NA,NA,NA,NA,NA,NA,NA,NA,-72,-480,Crosscourt,Backhand,NA,NA,NA,NA,NA,NA,NA,NA,NA,34,224,1,NA,NA,NA,NA,NA,NA,NA,NA,NA,NA,NA,NA,NA,NA,NA,NA,NA,NA,NA
15-0,4-2,1-0,1,5369035,NA,NA,NA,NA,1,Ad,Player1,Near,0,Wide,168,230,1,Body,88,240,NA,NA,NA,NA,NA,NA,NA,NA,NA,NA,NA,NA,NA,NA,NA,NA,NA,NA,NA,NA,NA,NA,NA,NA,NA,NA,NA,NA,NA,NA,NA,NA,NA,NA,NA,NA
15-0,4-2,1-0,NA,5411989,1,NA,NA,NA,2,Ad,Player1,Near,NA,NA,NA,NA,NA,NA,NA,NA,NA,85,480,Down the Line,Backhand,NA,NA,NA,NA,NA,NA,NA,NA,NA,186,-256,NA,NA,1,NA,NA,NA,NA,NA,NA,NA,NA,NA,NA,NA,NA,NA,NA,NA,NA,NA
30-0,4-2,1-0,1,5413111,NA,NA,NA,NA,1,Deuce,Player1,Near,1,Body,-78,169,NA,NA,NA,NA,NA,NA,NA,NA,NA,NA,NA,NA,NA,NA,NA,NA,NA,NA,NA,NA,NA,NA,NA,NA,NA,NA,NA,NA,NA,NA,NA,NA,NA,NA,NA,NA,NA,NA,NA,NA
30-0,4-2,1-0,NA,5443981,NA,NA,NA,NA,2,Deuce,Player1,Near,NA,NA,NA,NA,NA,NA,NA,NA,NA,-152,498,Down the Line,Forehand,NA,NA,NA,NA,NA,NA,NA,NA,NA,-48,-256,NA,NA,NA,NA,NA,NA,NA,NA,NA,NA,NA,NA,NA,NA,NA,NA,NA,NA,NA,NA
30-0,4-2,1-0,NA,5444935,NA,NA,NA,NA,3,Deuce,Player1,Near,NA,NA,NA,NA,NA,NA,NA,NA,NA,26,-477,Crosscourt,Backhand,NA,NA,NA,NA,NA,NA,NA,NA,NA,-43,328,NA,NA,NA,NA,NA,NA,NA,NA,NA,NA,NA,NA,NA,NA,NA,NA,NA,NA,NA,NA
30-0,4-2,1-0,NA,5446521,NA,NA,NA,NA,4,Deuce,Player1,Near,NA,NA,NA,NA,NA,NA,NA,NA,NA,-35,488,Down the Line,Forehand,NA,NA,NA,NA,NA,NA,NA,NA,NA,-32,-328,NA,NA,NA,NA,NA,NA,NA,NA,NA,NA,NA,NA,NA,NA,NA,NA,NA,NA,NA,NA
30-0,4-2,1-0,NA,5447939,NA,NA,NA,NA,5,Deuce,Player1,Near,NA,NA,NA,NA,NA,NA,NA,NA,NA,34,-541,Crosscourt,Backhand,NA,NA,NA,NA,NA,NA,NA,NA,NA,-88,184,NA,NA,NA,NA,NA,NA,NA,NA,NA,NA,NA,NA,NA,NA,NA,NA,NA,NA,NA,NA
30-0,4-2,1-0,NA,5449172,NA,NA,NA,NA,6,Deuce,Player1,Near,NA,NA,NA,NA,NA,NA,NA,NA,NA,-88,485,Down the Line,Forehand,NA,NA,NA,NA,NA,NA,NA,NA,NA,-6,-171,NA,NA,NA,NA,NA,NA,NA,NA,NA,NA,NA,NA,NA,NA,NA,NA,NA,NA,NA,NA
30-0,4-2,1-0,NA,5450570,NA,NA,NA,NA,7,Deuce,Player1,Near,NA,NA,NA,NA,NA,NA,NA,NA,NA,18,-490,Down the Line,Forehand,NA,NA,NA,NA,NA,NA,NA,NA,NA,109,362,NA,NA,NA,NA,NA,NA,NA,NA,NA,NA,NA,NA,NA,NA,NA,NA,NA,NA,NA,NA
30-0,4-2,1-0,NA,5451873,NA,NA,NA,NA,8,Ad,Player1,Near,NA,NA,NA,NA,NA,NA,NA,NA,NA,120,488,Down the Line,Backhand,NA,NA,NA,NA,NA,NA,NA,NA,NA,26,-296,NA,NA,NA,NA,NA,NA,NA,NA,NA,NA,NA,NA,NA,NA,NA,NA,NA,NA,NA,NA
30-0,4-2,1-0,NA,5453325,1,NA,NA,NA,9,Ad,Player1,Near,NA,NA,NA,NA,NA,NA,NA,NA,NA,-48,-501,Down the Line,Forehand,NA,NA,NA,NA,NA,NA,NA,NA,NA,-91,0,NA,NA,NA,1,NA,NA,NA,NA,NA,NA,NA,NA,NA,NA,NA,NA,NA,NA,NA,NA
30-15,4-2,1-0,1,5456376,NA,NA,NA,NA,1,Ad,Player1,Near,1,Body,61,228,NA,NA,NA,NA,NA,NA,NA,NA,NA,NA,NA,NA,NA,NA,NA,NA,NA,NA,NA,NA,NA,NA,NA,NA,NA,NA,NA,NA,NA,NA,NA,NA,NA,NA,NA,NA,NA,NA,NA,NA
30-15,4-2,1-0,NA,5486236,NA,NA,NA,NA,2,Ad,Player1,Near,NA,NA,NA,NA,NA,NA,NA,NA,NA,93,488,Down the Line,Forehand,NA,NA,NA,NA,NA,NA,NA,NA,1,64,-309,NA,NA,NA,NA,NA,NA,NA,NA,NA,NA,NA,NA,NA,NA,NA,NA,NA,NA,NA,NA
30-15,4-2,1-0,NA,5488013,NA,NA,NA,NA,3,Ad,Player1,Near,NA,NA,NA,NA,NA,NA,NA,NA,NA,-3,-482,Down the Line,Forehand,NA,NA,NA,NA,NA,NA,NA,NA,NA,-83,370,NA,NA,NA,NA,NA,NA,NA,NA,NA,NA,NA,NA,NA,NA,NA,NA,NA,NA,NA,NA
30-15,4-2,1-0,NA,5489612,NA,NA,NA,NA,4,Deuce,Player1,Near,NA,NA,NA,NA,NA,NA,NA,NA,NA,-102,520,Down the Line,Forehand,NA,NA,NA,NA,NA,NA,NA,NA,NA,-56,-370,NA,NA,NA,NA,NA,NA,NA,NA,NA,NA,NA,NA,NA,NA,NA,NA,NA,NA,NA,NA
30-15,4-2,1-0,NA,5491050,NA,NA,NA,NA,5,Ad,Player1,Near,NA,NA,NA,NA,NA,NA,NA,NA,NA,-46,-546,Crosscourt,Backhand,NA,NA,NA,NA,NA,NA,NA,NA,NA,61,376,NA,NA,NA,NA,NA,NA,NA,NA,NA,NA,NA,NA,NA,NA,NA,NA,NA,NA,NA,NA
30-15,4-2,1-0,NA,5493861,NA,NA,NA,NA,6,Ad,Player1,Near,NA,NA,NA,NA,NA,NA,NA,NA,NA,40,514,Crosscourt,Backhand,NA,NA,NA,NA,NA,NA,NA,NA,NA,-22,-165,NA,NA,NA,NA,NA,NA,NA,NA,NA,NA,NA,NA,NA,NA,NA,NA,NA,NA,NA,NA
30-15,4-2,1-0,NA,5494445,NA,NA,NA,NA,7,Ad,Player1,Near,NA,NA,NA,NA,NA,NA,NA,NA,NA,-91,-512,Crosscourt,Forehand,NA,NA,NA,NA,NA,NA,NA,NA,NA,77,368,NA,NA,NA,NA,NA,NA,NA,NA,NA,NA,NA,NA,NA,NA,NA,NA,NA,NA,NA,NA
30-15,4-2,1-0,NA,5496013,NA,NA,NA,NA,8,Ad,Player1,Near,NA,NA,NA,NA,NA,NA,NA,NA,NA,40,506,Crosscourt,Backhand,NA,NA,NA,NA,NA,NA,NA,NA,NA,-16,-205,NA,NA,NA,NA,NA,NA,NA,NA,NA,NA,NA,NA,NA,NA,NA,NA,NA,NA,NA,NA
30-15,4-2,1-0,NA,5497354,NA,NA,NA,NA,9,Ad,Player1,Near,NA,NA,NA,NA,NA,NA,NA,NA,NA,-83,-509,Crosscourt,Forehand,NA,NA,NA,NA,NA,NA,NA,NA,NA,106,258,NA,NA,NA,NA,NA,NA,NA,NA,NA,NA,NA,NA,NA,NA,NA,NA,NA,NA,NA,NA
30-15,4-2,1-0,NA,5498643,NA,NA,NA,NA,10,Ad,Player1,Near,NA,NA,NA,NA,NA,NA,NA,NA,NA,114,485,Crosscourt,Backhand,NA,NA,NA,NA,NA,NA,NA,NA,NA,-94,-338,NA,NA,NA,NA,NA,NA,NA,NA,NA,NA,NA,NA,NA,NA,NA,NA,NA,NA,NA,NA
30-15,4-2,1-0,NA,5500120,1,NA,NA,NA,11,Ad,Player1,Near,NA,NA,NA,NA,NA,NA,NA,NA,NA,-107,-514,Down the Line,Backhand,NA,NA,NA,NA,NA,NA,NA,NA,NA,-22,504,NA,NA,NA,NA,1,NA,NA,NA,NA,NA,NA,NA,NA,NA,NA,NA,NA,NA,NA,NA
30-30,4-2,1-0,1,5501591,NA,NA,NA,NA,1,Deuce,Player1,Near,0,Body,-56,1,1,T,-46,234,NA,NA,NA,NA,NA,NA,NA,NA,NA,NA,NA,NA,NA,NA,NA,NA,NA,NA,NA,NA,NA,NA,NA,NA,NA,NA,NA,NA,NA,NA,NA,NA,NA,NA,NA,NA
30-30,4-2,1-0,NA,5549541,NA,NA,NA,NA,2,Deuce,Player1,Near,NA,NA,NA,NA,NA,NA,NA,NA,NA,-88,482,Down the Line,Backhand,NA,NA,NA,NA,NA,NA,NA,NA,NA,-6,-392,NA,NA,NA,NA,NA,NA,NA,NA,NA,NA,NA,NA,NA,NA,NA,NA,NA,NA,NA,NA
30-30,4-2,1-0,NA,5550767,NA,NA,NA,NA,3,Ad,Player1,Near,NA,NA,NA,NA,NA,NA,NA,NA,NA,-46,-581,Crosscourt,Forehand,NA,NA,NA,NA,NA,NA,NA,NA,NA,45,426,NA,NA,NA,NA,NA,NA,NA,NA,NA,NA,NA,NA,NA,NA,NA,NA,NA,NA,NA,NA
30-30,4-2,1-0,NA,5552509,NA,NA,NA,NA,4,Ad,Player1,Near,NA,NA,NA,NA,NA,NA,NA,NA,NA,64,544,Down the Line,Backhand,NA,NA,NA,NA,NA,NA,NA,NA,1,58,-333,NA,NA,NA,NA,NA,NA,NA,NA,NA,NA,NA,NA,NA,NA,NA,NA,NA,NA,NA,NA
30-30,4-2,1-0,NA,5554812,NA,NA,NA,NA,5,Ad,Player1,Near,NA,NA,NA,NA,NA,NA,NA,NA,NA,-8,-466,Crosscourt,Forehand,NA,NA,NA,NA,NA,NA,NA,NA,NA,37,256,NA,NA,NA,NA,NA,NA,NA,NA,NA,NA,NA,NA,NA,NA,NA,NA,NA,NA,NA,NA
30-30,4-2,1-0,NA,5556178,1,NA,NA,NA,6,Ad,Player1,Near,NA,NA,NA,NA,NA,NA,NA,NA,NA,5,496,Crosscourt,Backhand,NA,NA,NA,NA,NA,NA,NA,NA,NA,-72,-533,NA,NA,NA,NA,1,NA,NA,NA,NA,NA,NA,NA,NA,NA,NA,NA,NA,NA,NA,NA
40-30,4-2,1-0,1,5557987,NA,NA,NA,NA,1,Ad,Player1,Near,1,Wide,120,212,NA,NA,NA,NA,NA,NA,NA,NA,NA,NA,NA,NA,NA,NA,NA,NA,NA,NA,NA,NA,NA,NA,NA,NA,NA,NA,NA,NA,NA,NA,NA,NA,NA,NA,NA,NA,NA,NA,NA,NA
40-30,4-2,1-0,NA,5578874,NA,NA,NA,NA,2,Ad,Player1,Near,NA,NA,NA,NA,NA,NA,NA,NA,NA,128,498,Crosscourt,Backhand,NA,NA,NA,NA,NA,NA,NA,NA,NA,-30,-226,NA,NA,NA,NA,NA,NA,NA,NA,NA,NA,NA,NA,NA,NA,NA,NA,NA,NA,NA,NA
40-30,4-2,1-0,NA,5580720,NA,NA,NA,NA,3,Ad,Player1,Near,NA,NA,NA,NA,NA,NA,NA,NA,NA,-72,-461,Down the Line,Backhand,NA,NA,NA,1,NA,NA,NA,NA,NA,-136,416,NA,NA,NA,NA,NA,NA,NA,NA,NA,NA,NA,NA,NA,NA,NA,NA,NA,NA,NA,NA
40-30,4-2,1-0,NA,5582620,1,NA,NA,NA,4,Deuce,Player1,Near,NA,NA,NA,NA,NA,NA,NA,NA,NA,-155,528,Down the Line,Forehand,NA,NA,NA,NA,NA,NA,NA,NA,NA,-128,-344,1,NA,NA,NA,NA,NA,NA,NA,NA,NA,NA,NA,NA,NA,NA,NA,NA,NA,NA,NA
40-40,4-2,1-0,1,5583614,NA,NA,NA,1,1,Ad,Player1,Near,1,Wide,138,228,NA,NA,NA,NA,NA,NA,NA,NA,NA,NA,NA,NA,NA,NA,NA,NA,NA,NA,NA,NA,NA,NA,NA,NA,NA,NA,NA,NA,NA,NA,NA,NA,NA,NA,NA,NA,NA,NA,NA,NA
40-40,4-2,1-0,NA,5615173,NA,NA,NA,NA,2,Ad,Player1,Near,NA,NA,NA,NA,NA,NA,NA,NA,NA,122,493,Crosscourt,Backhand,NA,NA,NA,NA,NA,NA,NA,NA,NA,-94,-362,NA,NA,NA,NA,NA,NA,NA,NA,NA,NA,NA,NA,NA,NA,NA,NA,NA,NA,NA,NA
40-40,4-2,1-0,NA,5617081,NA,NA,NA,NA,3,Ad,Player1,Near,NA,NA,NA,NA,NA,NA,NA,NA,NA,-150,-541,Crosscourt,Backhand,NA,NA,NA,NA,NA,NA,NA,NA,NA,40,410,NA,NA,NA,NA,NA,NA,NA,NA,NA,NA,NA,NA,NA,NA,NA,NA,NA,NA,NA,NA
40-40,4-2,1-0,NA,5618795,NA,NA,NA,NA,4,Ad,Player1,Near,NA,NA,NA,NA,NA,NA,NA,NA,NA,106,520,Crosscourt,Forehand,NA,NA,NA,NA,NA,NA,NA,NA,NA,-67,-280,NA,NA,NA,NA,NA,NA,NA,NA,NA,NA,NA,NA,NA,NA,NA,NA,NA,NA,NA,NA
40-40,4-2,1-0,NA,5620506,NA,NA,NA,NA,5,Ad,Player1,Near,NA,NA,NA,NA,NA,NA,NA,NA,NA,-88,-517,Crosscourt,Backhand,NA,NA,NA,NA,NA,NA,NA,NA,NA,64,394,NA,NA,NA,NA,NA,NA,NA,NA,NA,NA,NA,NA,NA,NA,NA,NA,NA,NA,NA,NA
40-40,4-2,1-0,NA,5621901,NA,NA,NA,NA,6,Ad,Player1,Near,NA,NA,NA,NA,NA,NA,NA,NA,NA,82,512,Crosscourt,Backhand,NA,NA,NA,NA,NA,NA,NA,NA,NA,-75,-272,NA,NA,NA,NA,NA,NA,NA,NA,NA,NA,NA,NA,NA,NA,NA,NA,NA,NA,NA,NA
40-40,4-2,1-0,NA,5623184,NA,NA,NA,NA,7,Ad,Player1,Near,NA,NA,NA,NA,NA,NA,NA,NA,NA,-136,-501,Down the Line,Backhand,NA,NA,NA,NA,NA,NA,NA,NA,NA,-99,256,NA,NA,NA,NA,NA,NA,NA,NA,NA,NA,NA,NA,NA,NA,NA,NA,NA,NA,NA,NA
40-40,4-2,1-0,NA,5624556,NA,NA,NA,NA,8,Deuce,Player1,Near,NA,NA,NA,NA,NA,NA,NA,NA,NA,-67,525,Crosscourt,Forehand,NA,NA,NA,NA,NA,NA,NA,NA,NA,34,-269,NA,NA,NA,NA,NA,NA,NA,NA,NA,NA,NA,NA,NA,NA,NA,NA,NA,NA,NA,NA
40-40,4-2,1-0,NA,5625983,NA,NA,NA,NA,9,Deuce,Player1,Near,NA,NA,NA,NA,NA,NA,NA,NA,NA,34,-498,Down the Line,Forehand,NA,NA,NA,NA,NA,NA,NA,NA,NA,82,442,NA,NA,NA,NA,NA,NA,NA,NA,NA,NA,NA,NA,NA,NA,NA,NA,NA,NA,NA,NA
40-40,4-2,1-0,NA,5627848,NA,NA,NA,NA,10,Ad,Player1,Near,NA,NA,NA,NA,NA,NA,NA,NA,NA,64,448,Crosscourt,Backhand,NA,NA,NA,NA,NA,NA,NA,NA,NA,-46,-203,NA,NA,NA,NA,NA,NA,NA,NA,NA,NA,NA,NA,NA,NA,NA,NA,NA,NA,NA,NA
40-40,4-2,1-0,NA,5628796,NA,NA,NA,NA,11,Ad,Player1,Near,NA,NA,NA,NA,NA,NA,NA,NA,NA,-67,-466,Down the Line,Backhand,1,NA,NA,NA,NA,NA,NA,NA,NA,-75,397,NA,NA,NA,NA,NA,NA,NA,NA,NA,NA,NA,NA,NA,NA,NA,NA,NA,NA,NA,NA
40-40,4-2,1-0,NA,5630861,1,NA,NA,NA,12,Deuce,Player1,Near,NA,NA,NA,NA,NA,NA,NA,NA,NA,-88,488,Down the Line,Forehand,NA,NA,NA,NA,NA,NA,NA,NA,NA,-62,0,NA,NA,NA,1,NA,NA,NA,NA,NA,NA,NA,NA,NA,NA,NA,NA,NA,NA,NA,NA
0-0,5-2,1-0,1,5752342,NA,NA,NA,NA,1,Deuce,Player2,Near,1,Body,-78,159,NA,NA,NA,NA,NA,NA,NA,NA,NA,NA,NA,NA,NA,NA,NA,NA,NA,NA,NA,NA,NA,NA,NA,NA,NA,NA,NA,NA,NA,NA,NA,NA,NA,NA,NA,NA,NA,NA,NA,NA
0-0,5-2,1-0,NA,5755022,1,NA,NA,NA,2,Deuce,Player2,Near,NA,NA,NA,NA,NA,NA,NA,NA,NA,-147,496,Crosscourt,Forehand,NA,NA,NA,NA,NA,NA,NA,NA,NA,341,248,NA,NA,1,1,NA,NA,NA,NA,NA,NA,NA,NA,NA,NA,NA,NA,NA,NA,NA,NA
15-0,5-2,1-0,1,5757457,NA,NA,NA,NA,1,Ad,Player2,Near,1,Wide,114,156,NA,NA,NA,NA,NA,NA,NA,NA,NA,NA,NA,NA,NA,NA,NA,NA,NA,NA,NA,NA,NA,NA,NA,NA,NA,NA,NA,NA,NA,NA,NA,NA,NA,NA,NA,NA,NA,NA,NA,NA
15-0,5-2,1-0,NA,5779922,NA,NA,NA,NA,2,Ad,Player2,Near,NA,NA,NA,NA,NA,NA,NA,NA,NA,136,485,Down the Line,Forehand,NA,NA,NA,NA,NA,NA,NA,NA,NA,109,-272,NA,NA,NA,NA,NA,NA,NA,NA,NA,NA,NA,NA,NA,NA,NA,NA,NA,NA,NA,NA
15-0,5-2,1-0,NA,5780697,NA,NA,NA,NA,3,Deuce,Player2,Near,NA,NA,NA,NA,NA,NA,NA,NA,NA,125,-525,Crosscourt,Forehand,NA,NA,NA,NA,NA,NA,NA,NA,NA,-3,408,NA,NA,NA,NA,NA,NA,NA,NA,NA,NA,NA,NA,NA,NA,NA,NA,NA,NA,NA,NA
15-0,5-2,1-0,NA,5781999,NA,NA,NA,NA,4,Ad,Player2,Near,NA,NA,NA,NA,NA,NA,NA,NA,NA,0,541,Down the Line,Forehand,NA,NA,NA,NA,NA,NA,NA,NA,NA,-118,-69,NA,NA,NA,NA,NA,NA,NA,NA,NA,NA,NA,NA,NA,NA,NA,NA,NA,NA,NA,NA
15-0,5-2,1-0,NA,5783331,NA,NA,NA,NA,5,Ad,Player2,Near,NA,NA,NA,NA,NA,NA,NA,NA,NA,-118,-493,Crosscourt,Backhand,NA,NA,NA,NA,NA,NA,NA,NA,NA,18,378,NA,NA,NA,NA,NA,NA,NA,NA,NA,NA,NA,NA,NA,NA,NA,NA,NA,NA,NA,NA
15-0,5-2,1-0,NA,5784766,NA,NA,NA,NA,6,Deuce,Player2,Near,NA,NA,NA,NA,NA,NA,NA,NA,NA,-6,514,Crosscourt,Backhand,NA,NA,NA,NA,NA,NA,NA,NA,NA,18,-333,NA,NA,NA,NA,NA,NA,NA,NA,NA,NA,NA,NA,NA,NA,NA,NA,NA,NA,NA,NA
15-0,5-2,1-0,NA,5786276,NA,NA,NA,NA,7,Ad,Player2,Near,NA,NA,NA,NA,NA,NA,NA,NA,NA,-24,-533,Down the Line,Forehand,NA,NA,NA,NA,NA,NA,NA,NA,NA,-48,147,NA,NA,NA,NA,NA,NA,NA,NA,NA,NA,NA,NA,NA,NA,NA,NA,NA,NA,NA,NA
15-0,5-2,1-0,NA,5787597,NA,NA,NA,NA,8,Deuce,Player2,Near,NA,NA,NA,NA,NA,NA,NA,NA,NA,-35,482,Down the Line,Forehand,NA,NA,NA,NA,NA,NA,NA,NA,NA,-110,-203,NA,NA,NA,NA,NA,NA,NA,NA,NA,NA,NA,NA,NA,NA,NA,NA,NA,NA,NA,NA
15-0,5-2,1-0,NA,5788788,NA,NA,NA,NA,9,Ad,Player2,Near,NA,NA,NA,NA,NA,NA,NA,NA,NA,-147,-522,Crosscourt,Backhand,NA,NA,NA,NA,NA,NA,NA,NA,NA,98,349,NA,NA,NA,NA,NA,NA,NA,NA,NA,NA,NA,NA,NA,NA,NA,NA,NA,NA,NA,NA
15-0,5-2,1-0,NA,5790544,NA,NA,NA,NA,10,Ad,Player2,Near,NA,NA,NA,NA,NA,NA,NA,NA,NA,106,498,Crosscourt,Backhand,NA,NA,NA,NA,NA,NA,NA,NA,NA,-75,-333,NA,NA,NA,NA,NA,NA,NA,NA,NA,NA,NA,NA,NA,NA,NA,NA,NA,NA,NA,NA
15-0,5-2,1-0,NA,5791757,NA,NA,NA,NA,11,Ad,Player2,Near,NA,NA,NA,NA,NA,NA,NA,NA,NA,-72,-522,Down the Line,Backhand,NA,NA,NA,NA,NA,NA,NA,NA,NA,-54,365,NA,NA,NA,NA,NA,NA,NA,NA,NA,NA,NA,NA,NA,NA,NA,NA,NA,NA,NA,NA
15-0,5-2,1-0,NA,5792808,NA,NA,NA,NA,12,Deuce,Player2,Near,NA,NA,NA,NA,NA,NA,NA,NA,NA,-32,509,Crosscourt,Forehand,NA,NA,NA,NA,NA,NA,NA,NA,NA,104,-354,NA,NA,NA,NA,NA,NA,NA,NA,NA,NA,NA,NA,NA,NA,NA,NA,NA,NA,NA,NA
15-0,5-2,1-0,NA,5794487,NA,NA,NA,NA,13,Deuce,Player2,Near,NA,NA,NA,NA,NA,NA,NA,NA,NA,122,-533,Down the Line,Forehand,NA,NA,NA,NA,NA,NA,NA,NA,NA,77,325,NA,NA,NA,NA,NA,NA,NA,NA,NA,NA,NA,NA,NA,NA,NA,NA,NA,NA,NA,NA
15-0,5-2,1-0,NA,5795771,NA,NA,NA,NA,14,Ad,Player2,Near,NA,NA,NA,NA,NA,NA,NA,NA,NA,50,509,Crosscourt,Backhand,NA,NA,NA,NA,NA,NA,NA,NA,NA,-43,-187,NA,NA,NA,NA,NA,NA,NA,NA,NA,NA,NA,NA,NA,NA,NA,NA,NA,NA,NA,NA
15-0,5-2,1-0,NA,5796928,NA,NA,NA,NA,15,Ad,Player2,Near,NA,NA,NA,NA,NA,NA,NA,NA,NA,-75,-493,Down the Line,Backhand,1,NA,NA,NA,NA,NA,NA,NA,NA,-80,416,NA,NA,NA,NA,NA,NA,NA,NA,NA,NA,NA,NA,NA,NA,NA,NA,NA,NA,NA,NA
15-0,5-2,1-0,NA,5799074,NA,NA,NA,NA,16,Deuce,Player2,Near,NA,NA,NA,NA,NA,NA,NA,NA,NA,-80,501,Crosscourt,Forehand,NA,NA,NA,NA,NA,NA,NA,NA,NA,88,-184,NA,NA,NA,NA,NA,NA,NA,NA,NA,NA,NA,NA,NA,NA,NA,NA,NA,NA,NA,NA
15-0,5-2,1-0,NA,5800459,NA,NA,NA,NA,17,Deuce,Player2,Near,NA,NA,NA,NA,NA,NA,NA,NA,NA,128,-504,Crosscourt,Forehand,NA,NA,NA,NA,NA,NA,NA,NA,NA,-70,195,NA,NA,NA,NA,NA,NA,NA,NA,NA,NA,NA,NA,NA,NA,NA,NA,NA,NA,NA,NA
15-0,5-2,1-0,NA,5801741,NA,NA,NA,NA,18,Deuce,Player2,Near,NA,NA,NA,NA,NA,NA,NA,NA,NA,-126,482,Crosscourt,Forehand,NA,NA,NA,NA,NA,NA,NA,NA,NA,74,-210,NA,NA,NA,NA,NA,NA,NA,NA,NA,NA,NA,NA,NA,NA,NA,NA,NA,NA,NA,NA
15-0,5-2,1-0,NA,5801900,1,NA,NA,NA,19,Deuce,Player2,Near,NA,NA,NA,NA,NA,NA,NA,NA,NA,-128,490,Crosscourt,Forehand,NA,NA,NA,NA,NA,NA,NA,NA,NA,69,0,NA,NA,NA,1,NA,NA,NA,NA,NA,NA,NA,NA,NA,NA,NA,NA,NA,NA,NA,NA
15-15,5-2,1-0,1,5803506,NA,NA,NA,NA,1,Deuce,Player2,Near,1,Body,-80,185,NA,NA,NA,NA,NA,NA,NA,NA,NA,NA,NA,NA,NA,NA,NA,NA,NA,NA,NA,NA,NA,NA,NA,NA,NA,NA,NA,NA,NA,NA,NA,NA,NA,NA,NA,NA,NA,NA,NA,NA
15-15,5-2,1-0,NA,5835332,NA,NA,NA,NA,2,Deuce,Player2,Near,NA,NA,NA,NA,NA,NA,NA,NA,NA,-142,490,Crosscourt,Forehand,NA,NA,NA,NA,NA,NA,NA,NA,NA,32,-216,NA,NA,NA,NA,NA,NA,NA,NA,NA,NA,NA,NA,NA,NA,NA,NA,NA,NA,NA,NA
15-15,5-2,1-0,NA,5837223,NA,NA,NA,NA,3,Deuce,Player2,Near,NA,NA,NA,NA,NA,NA,NA,NA,NA,56,-413,Crosscourt,Forehand,NA,NA,NA,NA,NA,NA,NA,NA,NA,-83,256,NA,NA,NA,NA,NA,NA,NA,NA,NA,NA,NA,NA,NA,NA,NA,NA,NA,NA,NA,NA
15-15,5-2,1-0,NA,5838387,NA,NA,NA,NA,4,Deuce,Player2,Near,NA,NA,NA,NA,NA,NA,NA,NA,NA,-128,509,Down the Line,Forehand,1,NA,NA,NA,NA,NA,NA,NA,NA,-8,-128,NA,NA,NA,NA,NA,NA,NA,NA,NA,NA,NA,NA,NA,NA,NA,NA,NA,NA,NA,NA
15-15,5-2,1-0,NA,5839610,1,NA,NA,NA,5,Ad,Player2,Near,NA,NA,NA,NA,NA,NA,NA,NA,NA,-27,-139,Down the Line,Forehand,NA,1,NA,NA,NA,NA,NA,1,NA,-147,325,1,NA,NA,NA,NA,NA,NA,NA,NA,NA,NA,NA,NA,NA,NA,NA,NA,NA,NA,NA
30-15,5-2,1-0,1,5840544,NA,NA,NA,NA,1,Ad,Player2,Near,0,Body,88,1,1,Body,64,216,NA,NA,NA,NA,NA,NA,NA,NA,NA,NA,NA,NA,NA,NA,NA,NA,NA,NA,NA,NA,NA,NA,NA,NA,NA,NA,NA,NA,NA,NA,NA,NA,NA,NA,NA,NA
30-15,5-2,1-0,NA,5880971,NA,NA,NA,NA,2,Ad,Player2,Near,NA,NA,NA,NA,NA,NA,NA,NA,NA,106,480,Crosscourt,Forehand,NA,NA,NA,NA,NA,NA,NA,NA,NA,-99,-213,NA,NA,NA,NA,NA,NA,NA,NA,NA,NA,NA,NA,NA,NA,NA,NA,NA,NA,NA,NA
30-15,5-2,1-0,NA,5882716,NA,NA,NA,NA,3,Ad,Player2,Near,NA,NA,NA,NA,NA,NA,NA,NA,NA,-227,-546,Crosscourt,Backhand,NA,NA,NA,NA,NA,NA,NA,NA,NA,93,264,NA,NA,NA,NA,NA,NA,NA,NA,NA,NA,NA,NA,NA,NA,NA,NA,NA,NA,NA,NA
30-15,5-2,1-0,NA,5883871,NA,NA,NA,NA,4,Ad,Player2,Near,NA,NA,NA,NA,NA,NA,NA,NA,NA,117,445,Down the Line,Backhand,NA,NA,NA,NA,NA,NA,NA,NA,NA,122,-266,NA,NA,NA,NA,NA,NA,NA,NA,NA,NA,NA,NA,NA,NA,NA,NA,NA,NA,NA,NA
30-15,5-2,1-0,NA,5884944,1,NA,NA,NA,5,Deuce,Player2,Near,NA,NA,NA,NA,NA,NA,NA,NA,NA,157,-565,Down the Line,Forehand,NA,NA,NA,NA,NA,NA,NA,NA,NA,74,-312,NA,NA,NA,1,NA,NA,NA,NA,NA,NA,NA,NA,NA,NA,NA,NA,NA,NA,NA,NA
30-30,5-2,1-0,1,5886663,NA,NA,NA,NA,1,Deuce,Player2,Near,1,T,-11,228,NA,NA,NA,NA,NA,NA,NA,NA,NA,NA,NA,NA,NA,NA,NA,NA,NA,NA,NA,NA,NA,NA,NA,NA,NA,NA,NA,NA,NA,NA,NA,NA,NA,NA,NA,NA,NA,NA,NA,NA
30-30,5-2,1-0,NA,5918038,NA,NA,NA,NA,2,Deuce,Player2,Near,NA,NA,NA,NA,NA,NA,NA,NA,NA,-120,490,Down the Line,Backhand,NA,NA,NA,NA,NA,NA,NA,NA,1,-27,-48,NA,NA,NA,NA,NA,NA,NA,NA,NA,NA,NA,NA,NA,NA,NA,NA,NA,NA,NA,NA
30-30,5-2,1-0,NA,5921523,1,NA,NA,NA,3,Ad,Player2,Near,NA,NA,NA,NA,NA,NA,NA,NA,NA,-80,-56,Down the Line,Forehand,NA,NA,1,NA,NA,NA,NA,NA,NA,-72,173,1,NA,NA,NA,NA,NA,NA,NA,NA,NA,NA,NA,NA,NA,NA,NA,NA,NA,NA,NA
40-30,5-2,1-0,1,5925630,NA,NA,NA,NA,1,Ad,Player2,Near,1,Wide,120,145,NA,NA,NA,NA,NA,NA,NA,NA,NA,NA,NA,NA,NA,NA,NA,NA,NA,NA,NA,NA,NA,NA,NA,NA,NA,NA,NA,NA,NA,NA,NA,NA,NA,NA,NA,NA,NA,NA,NA,NA
40-30,5-2,1-0,NA,5948622,NA,NA,NA,NA,2,Ad,Player2,Near,NA,NA,NA,NA,NA,NA,NA,NA,NA,93,501,Down the Line,Backhand,NA,NA,NA,NA,NA,NA,NA,NA,NA,112,-234,NA,NA,NA,NA,NA,NA,NA,NA,NA,NA,NA,NA,NA,NA,NA,NA,NA,NA,NA,NA
40-30,5-2,1-0,NA,5950617,NA,NA,NA,NA,3,Deuce,Player2,Near,NA,NA,NA,NA,NA,NA,NA,NA,NA,77,-522,Crosscourt,Forehand,NA,NA,NA,NA,NA,NA,NA,NA,NA,-83,360,NA,NA,NA,NA,NA,NA,NA,NA,NA,NA,NA,NA,NA,NA,NA,NA,NA,NA,NA,NA
40-30,5-2,1-0,NA,5952107,NA,NA,NA,NA,4,Deuce,Player2,Near,NA,NA,NA,NA,NA,NA,NA,NA,NA,-126,509,Crosscourt,Forehand,NA,NA,NA,NA,NA,NA,NA,NA,NA,61,-336,NA,NA,NA,NA,NA,NA,NA,NA,NA,NA,NA,NA,NA,NA,NA,NA,NA,NA,NA,NA
40-30,5-2,1-0,NA,5953689,NA,NA,NA,NA,5,Deuce,Player2,Near,NA,NA,NA,NA,NA,NA,NA,NA,NA,88,-525,Crosscourt,Forehand,NA,NA,NA,NA,NA,NA,NA,NA,NA,-91,381,NA,NA,NA,NA,NA,NA,NA,NA,NA,NA,NA,NA,NA,NA,NA,NA,NA,NA,NA,NA
40-30,5-2,1-0,NA,5955042,NA,NA,NA,NA,6,Deuce,Player2,Near,NA,NA,NA,NA,NA,NA,NA,NA,NA,-112,520,Down the Line,Forehand,NA,NA,NA,NA,NA,NA,NA,NA,NA,-112,-192,NA,NA,NA,NA,NA,NA,NA,NA,NA,NA,NA,NA,NA,NA,NA,NA,NA,NA,NA,NA
40-30,5-2,1-0,NA,5956539,NA,NA,NA,NA,7,Ad,Player2,Near,NA,NA,NA,NA,NA,NA,NA,NA,NA,-99,-514,Crosscourt,Backhand,NA,NA,NA,NA,NA,NA,NA,NA,NA,2,368,NA,NA,NA,NA,NA,NA,NA,NA,NA,NA,NA,NA,NA,NA,NA,NA,NA,NA,NA,NA
40-30,5-2,1-0,NA,5958092,1,NA,NA,NA,8,Ad,Player2,Near,NA,NA,NA,NA,NA,NA,NA,NA,NA,80,517,Crosscourt,Forehand,NA,NA,NA,NA,NA,NA,NA,NA,NA,-187,-248,NA,1,NA,NA,NA,NA,NA,NA,NA,NA,NA,NA,NA,NA,NA,NA,NA,NA,NA,NA
0-0,5-3,1-0,1,5983753,NA,NA,NA,NA,1,Deuce,Player1,Far,1,Wide,109,-233,NA,NA,NA,NA,NA,NA,NA,NA,NA,NA,NA,NA,NA,NA,NA,NA,NA,NA,NA,NA,NA,NA,NA,NA,NA,NA,NA,NA,NA,NA,NA,NA,NA,NA,NA,NA,NA,NA,NA,NA
0-0,5-3,1-0,NA,5994811,NA,NA,NA,NA,2,Deuce,Player1,Far,NA,NA,NA,NA,NA,NA,NA,NA,NA,149,-509,Down the Line,Forehand,NA,NA,NA,NA,NA,NA,NA,NA,NA,26,389,NA,NA,NA,NA,NA,NA,NA,NA,NA,NA,NA,NA,NA,NA,NA,NA,NA,NA,NA,NA
0-0,5-3,1-0,NA,5996073,NA,NA,NA,NA,3,Deuce,Player1,Far,NA,NA,NA,NA,NA,NA,NA,NA,NA,-27,514,Crosscourt,Backhand,NA,NA,NA,NA,NA,NA,NA,NA,NA,48,-290,NA,NA,NA,NA,NA,NA,NA,NA,NA,NA,NA,NA,NA,NA,NA,NA,NA,NA,NA,NA
0-0,5-3,1-0,NA,5997534,NA,NA,NA,NA,4,Deuce,Player1,Far,NA,NA,NA,NA,NA,NA,NA,NA,NA,24,-533,Crosscourt,Forehand,NA,NA,NA,NA,NA,NA,NA,NA,NA,-14,397,NA,NA,NA,NA,NA,NA,NA,NA,NA,NA,NA,NA,NA,NA,NA,NA,NA,NA,NA,NA
0-0,5-3,1-0,NA,5999054,NA,NA,NA,NA,5,Ad,Player1,Far,NA,NA,NA,NA,NA,NA,NA,NA,NA,24,554,Crosscourt,Forehand,NA,NA,NA,NA,NA,NA,NA,NA,NA,-123,-290,NA,NA,NA,NA,NA,NA,NA,NA,NA,NA,NA,NA,NA,NA,NA,NA,NA,NA,NA,NA
0-0,5-3,1-0,NA,6000451,NA,NA,NA,NA,6,Ad,Player1,Far,NA,NA,NA,NA,NA,NA,NA,NA,NA,-179,-528,Down the Line,Backhand,NA,NA,NA,NA,NA,NA,NA,NA,NA,-24,261,NA,NA,NA,NA,NA,NA,NA,NA,NA,NA,NA,NA,NA,NA,NA,NA,NA,NA,NA,NA
0-0,5-3,1-0,NA,6001845,NA,NA,NA,NA,7,Ad,Player1,Far,NA,NA,NA,NA,NA,NA,NA,NA,NA,29,509,Crosscourt,Forehand,NA,NA,NA,NA,NA,NA,NA,NA,NA,-40,-269,NA,NA,NA,NA,NA,NA,NA,NA,NA,NA,NA,NA,NA,NA,NA,NA,NA,NA,NA,NA
0-0,5-3,1-0,NA,6003344,1,NA,NA,NA,8,Ad,Player1,Far,NA,NA,NA,NA,NA,NA,NA,NA,NA,-83,-525,Down the Line,Forehand,NA,NA,NA,NA,NA,NA,NA,NA,NA,-184,402,NA,NA,1,NA,NA,NA,NA,NA,NA,NA,NA,NA,NA,NA,NA,NA,NA,NA,NA,NA
15-0,5-3,1-0,1,6004987,NA,NA,NA,NA,1,Ad,Player1,Far,1,Body,-99,-103,NA,NA,NA,NA,NA,NA,NA,NA,NA,NA,NA,NA,NA,NA,NA,NA,NA,NA,NA,NA,NA,NA,NA,NA,NA,NA,NA,NA,NA,NA,NA,NA,NA,NA,NA,NA,NA,NA,NA,NA
15-0,5-3,1-0,NA,6028252,1,NA,NA,NA,2,Ad,Player1,Far,NA,NA,NA,NA,NA,NA,NA,NA,NA,-179,-496,Crosscourt,Backhand,NA,NA,NA,NA,NA,NA,NA,NA,NA,184,325,NA,1,NA,NA,NA,NA,NA,NA,NA,NA,NA,NA,NA,NA,NA,NA,NA,NA,NA,NA
30-0,5-3,1-0,1,6029609,NA,NA,NA,NA,1,Deuce,Player1,Far,1,Body,80,-161,NA,NA,NA,NA,NA,NA,NA,NA,NA,NA,NA,NA,NA,NA,NA,NA,NA,NA,NA,NA,NA,NA,NA,NA,NA,NA,NA,NA,NA,NA,NA,NA,NA,NA,NA,NA,NA,NA,NA,NA
30-0,5-3,1-0,NA,6058534,NA,NA,NA,NA,2,Deuce,Player1,Far,NA,NA,NA,NA,NA,NA,NA,NA,NA,101,-480,Down the Line,Forehand,NA,NA,NA,NA,NA,NA,NA,NA,NA,26,93,NA,NA,NA,NA,NA,NA,NA,NA,NA,NA,NA,NA,NA,NA,NA,NA,NA,NA,NA,NA
30-0,5-3,1-0,NA,6059755,1,NA,NA,NA,3,Ad,Player1,Far,NA,NA,NA,NA,NA,NA,NA,NA,NA,21,171,Crosscourt,Backhand,NA,1,NA,NA,NA,NA,NA,NA,NA,-283,-544,NA,1,NA,NA,1,NA,NA,NA,NA,NA,NA,NA,NA,NA,NA,NA,NA,NA,NA,NA
30-15,5-3,1-0,1,6061647,NA,NA,NA,NA,1,Ad,Player1,Far,0,T,103,2,1,Body,65,200,NA,NA,NA,NA,NA,NA,NA,NA,NA,NA,NA,NA,NA,NA,NA,NA,NA,NA,NA,NA,NA,NA,NA,NA,NA,NA,NA,NA,NA,NA,NA,NA,NA,NA,NA,NA
30-15,5-3,1-0,NA,6103007,NA,NA,NA,NA,2,Ad,Player1,Far,NA,NA,NA,NA,NA,NA,NA,NA,NA,-139,-526,Crosscourt,Backhand,NA,NA,NA,NA,NA,NA,NA,NA,NA,42,348,NA,NA,NA,NA,NA,NA,NA,NA,NA,NA,NA,NA,NA,NA,NA,NA,NA,NA,NA,NA
30-15,5-3,1-0,NA,6104937,NA,NA,NA,NA,3,Ad,Player1,Far,NA,NA,NA,NA,NA,NA,NA,NA,NA,128,510,Crosscourt,Forehand,NA,NA,NA,NA,NA,NA,NA,NA,NA,-38,-292,NA,NA,NA,NA,NA,NA,NA,NA,NA,NA,NA,NA,NA,NA,NA,NA,NA,NA,NA,NA
30-15,5-3,1-0,NA,6105993,NA,NA,NA,NA,4,Ad,Player1,Far,NA,NA,NA,NA,NA,NA,NA,NA,NA,-54,-518,Crosscourt,Backhand,NA,NA,NA,NA,NA,NA,NA,NA,NA,37,377,NA,NA,NA,NA,NA,NA,NA,NA,NA,NA,NA,NA,NA,NA,NA,NA,NA,NA,NA,NA
30-15,5-3,1-0,NA,6107535,NA,NA,NA,NA,5,Ad,Player1,Far,NA,NA,NA,NA,NA,NA,NA,NA,NA,64,529,Crosscourt,Forehand,NA,NA,NA,NA,NA,NA,NA,NA,NA,-104,-108,NA,NA,NA,NA,NA,NA,NA,NA,NA,NA,NA,NA,NA,NA,NA,NA,NA,NA,NA,NA
30-15,5-3,1-0,NA,6109787,NA,NA,NA,NA,6,Ad,Player1,Far,NA,NA,NA,NA,NA,NA,NA,NA,NA,-189,-526,Crosscourt,Backhand,NA,NA,NA,NA,NA,NA,NA,NA,NA,77,225,NA,NA,NA,NA,NA,NA,NA,NA,NA,NA,NA,NA,NA,NA,NA,NA,NA,NA,NA,NA
30-15,5-3,1-0,NA,6111326,NA,NA,NA,NA,7,Ad,Player1,Far,NA,NA,NA,NA,NA,NA,NA,NA,NA,112,478,Crosscourt,Backhand,NA,NA,NA,NA,NA,NA,NA,NA,NA,-22,-337,NA,NA,NA,NA,NA,NA,NA,NA,NA,NA,NA,NA,NA,NA,NA,NA,NA,NA,NA,NA
30-15,5-3,1-0,NA,6112340,1,NA,NA,NA,8,Ad,Player1,Far,NA,NA,NA,NA,NA,NA,NA,NA,NA,-38,-508,Down the Line,Forehand,NA,NA,NA,NA,NA,NA,NA,NA,NA,-150,358,1,NA,NA,NA,NA,NA,NA,NA,NA,NA,NA,NA,NA,NA,NA,NA,NA,NA,NA,NA
30-30,5-3,1-0,1,6113969,NA,NA,NA,NA,1,Deuce,Player1,Far,1,T,48,-233,NA,NA,NA,NA,NA,NA,NA,NA,NA,NA,NA,NA,NA,NA,NA,NA,NA,NA,NA,NA,NA,NA,NA,NA,NA,NA,NA,NA,NA,NA,NA,NA,NA,NA,NA,NA,NA,NA,NA,NA
30-30,5-3,1-0,NA,6145675,1,NA,NA,NA,2,Deuce,Player1,Far,NA,NA,NA,NA,NA,NA,NA,NA,NA,104,-496,Crosscourt,Backhand,NA,NA,NA,NA,NA,NA,NA,NA,1,-160,474,NA,NA,1,NA,1,NA,NA,NA,NA,NA,NA,NA,NA,NA,NA,NA,NA,NA,NA,NA
40-30,5-3,1-0,1,6148559,NA,NA,NA,NA,1,Ad,Player1,Far,0,T,-51,1,1,Wide,-152,-229,NA,NA,NA,NA,NA,NA,NA,NA,NA,NA,NA,NA,NA,NA,NA,NA,NA,NA,NA,NA,NA,NA,NA,NA,NA,NA,NA,NA,NA,NA,NA,NA,NA,NA,NA,NA
40-30,5-3,1-0,NA,6192885,NA,NA,NA,NA,2,Ad,Player1,Far,NA,NA,NA,NA,NA,NA,NA,NA,NA,-187,-349,Crosscourt,Backhand,NA,NA,NA,NA,NA,NA,NA,NA,NA,48,221,NA,NA,NA,NA,NA,NA,NA,NA,NA,NA,NA,NA,NA,NA,NA,NA,NA,NA,NA,NA
40-30,5-3,1-0,NA,6194703,1,NA,NA,NA,3,Ad,Player1,Far,NA,NA,NA,NA,NA,NA,NA,NA,NA,98,360,Down the Line,Forehand,NA,NA,NA,NA,NA,NA,NA,NA,NA,88,-354,1,NA,NA,NA,NA,NA,NA,NA,NA,NA,NA,NA,NA,NA,NA,NA,NA,NA,NA,NA